"Feature","mz","RT_min","Log2FC","Fold_Change","p_BH","VIP_Score","1BNC5-1","1BNC5-2","1BNC5-3","2BNC5-1","2BNC5-2","2BNC5-3","1BNC5RSw-1","1BNC5RSw-2","1BNC5RSw-3","2BNC5RSw-1","2BNC5RSw-2","2BNC5RSw-3","1RSw-1","1RSw-2","1RSw-3","2RSw-1","2RSw-2","2RSw-3"
"M209.1854T2459.65",209.1854,40.99,4.173,18.04,1.906e-12,1.126,9450,10522,10048,9745,9747,8901,229566,234145,231038,231832,230604,203203,252260,244612,244570,204223,221961,217665
"M210.1887T2459.57",210.1887,40.99,2.572,5.94,2.127e-11,1.126,5336,5150,5002,4681,4486,4611,40005,37956,36621,38863,37090,34001,43596,42076,39686,35057,36142,35453
"M688.4819T2453.61",688.4819,40.89,5.806,55.96,9.478e-11,1.126,19204,22201,25281,22613,17053,20799,1456461,1456187,1455050,1680207,1516850,1566333,2152333,2095794,2031572,1843514,1938089,1966913
"M689.4844T2453.93",689.4844,40.9,5.947,61.68,9.891e-10,1.126,7259,8436,11065,7840,6917,7459,621240,608789,621630,700797,648100,655473,886371,890159,841825,781727,804615,846437
"M244.2218T2458.95",244.2218,40.98,4.669,25.44,1.389e-08,1.126,3897,4248,4084,3833,3528,2962,125371,128704,127131,122834,121471,111155,136339,135429,134435,108115,115760,121180
"M605.5372T2577.56",605.5372,42.96,3.212,9.27,2.708e-08,1.126,6165,6792,6973,7042,6579,5596,82217,81441,82300,77497,74547,69861,93541,99460,92189,86349,87930,86840
"M1449.0594T2560.52",1449.0594,42.68,12.727,6780.91,6.003e-09,1.125,169,152,233,308,240,167,2131460,2103575,2069267,1646747,1507543,1442909,2226864,2200792,2081247,1558962,1577902,1651288
"M226.2119T2458.34",226.2119,40.97,2.322,5,7.557e-08,1.125,64260,61171,60468,59618,51931,58047,402571,401600,398731,388498,367992,336136,408282,411507,403142,336296,366643,367515
"M578.4196T2801.03",578.4196,46.68,8.412,340.59,1.385e-07,1.125,236,473,236,236,236,236,131743,115716,109173,133762,117640,96583,162862,139417,146451,139827,154649,154992
"M371.2206T2802.03",371.2206,46.7,9.122,557.13,1.396e-07,1.125,58,58,58,116,58,58,51081,44812,46397,54030,49208,37532,65005,57566,60288,54553,61170,60188
"M714.4957T2483.19",714.4957,41.39,3.523,11.5,3.043e-07,1.125,3360,4018,4314,3592,4143,3585,60040,58823,57880,56832,56540,50724,69121,67530,70975,60326,61817,59003
"M702.4961T2487.28",702.4961,41.45,4.061,16.69,3.322e-07,1.125,41293,47410,61229,39884,44392,35100,955785,954624,941675,1014823,916850,933995,1072052,1095413,1083002,967092,967320,974382
"M537.3803T2801.03",537.3803,46.68,7.354,163.59,6.006e-07,1.125,178,178,178,355,178,178,45786,40433,39210,46495,43888,37672,53446,49116,52668,49092,55553,52723
"M1486.0275T2464.02",1486.0275,41.07,6.038,65.71,2.127e-11,1.124,1620,1861,2003,1655,1640,1474,174645,141609,159309,138631,131359,125777,291323,287366,268771,226591,222808,232232
"M1511.0407T2468.31",1511.0407,41.14,6.466,88.39,8.917e-10,1.124,1515,1450,1709,1348,1804,1043,191999,176349,204327,143950,147923,142960,314151,325839,311753,227818,227281,238408
"M267.2841T1652.94",267.2841,27.55,10.591,1542.72,9.31e-10,1.124,29,29,29,57,29,29,79117,81582,80853,51696,51776,48002,88005,88614,87107,59231,58379,57843
"M481.3070T1938.18",481.307,32.3,4.704,26.07,1.697e-09,1.124,7130,7204,10287,6861,7909,7863,332138,253158,234038,280142,246627,241438,308161,309578,290217,344739,322901,322359
"M736.5008T2412.35",736.5008,40.21,4.758,27.06,3.852e-09,1.124,5185,6281,6205,6673,6098,5907,232987,214199,230559,201383,198437,192625,346679,350425,329657,320676,313626,319653
"M1145.9098T2565.67",1145.9098,42.76,9.411,680.64,1.939e-08,1.124,70,35,35,35,35,35,34296,32063,31191,37218,39055,35127,33282,33658,31382,36786,35757,35683
"M759.5611T2610.96",759.5611,43.52,6.334,80.7,1.561e-07,1.124,7885,12325,10341,9065,11149,6190,1099204,1078202,1080576,886772,873714,811747,1167349,1115531,1108187,879984,874329,901767
"M659.5013T2801.44",659.5013,46.69,6.561,94.43,4.782e-07,1.124,593,1187,593,593,593,593,89996,81484,73362,93760,76415,74428,107566,89402,101764,96353,97281,89238
"M760.5674T2609.79",760.5674,43.5,3.633,12.4,4.234e-06,1.124,30451,31182,33320,32101,27531,18400,470873,487956,460750,466249,433122,406354,504809,484397,471599,430496,434957,431756
"M272.2401T2800.98",272.2401,46.68,3.065,8.37,1.155e-09,1.123,1650,1717,1805,1776,1976,1574,20720,18079,18228,21780,18160,16647,22678,20521,23954,18746,22550,22844
"M753.5355T2482.68",753.5355,41.38,3.948,15.44,3.812e-08,1.123,8622,8483,9530,7140,9272,8770,178244,167493,171192,173527,168657,169753,234531,248048,232810,247379,230851,236785
"M1475.0726T2574.69",1475.0726,42.91,11.877,3762.06,4.891e-07,1.123,124,65,213,130,96,49,610759,586608,585782,437210,417459,361044,644937,635480,585074,395062,403098,429276
"M1474.0704T2574.55",1474.0704,42.91,12.009,4121.64,1.134e-06,1.123,103,148,158,51,162,51,655842,623828,633626,466598,459519,415705,697185,693189,624812,432348,442687,482579
"M577.5004T2467.52",577.5004,41.13,5.865,58.29,1.211e-06,1.123,2807,4267,3238,5111,4032,3142,279437,270525,294329,273231,286850,261985,456024,471987,438472,432838,425303,416834
"M1493.0659T2552.50",1493.0659,42.54,9.455,701.9,2.919e-06,1.123,54,156,100,63,58,109,89072,80502,81399,72349,67697,65621,92490,91204,83514,78671,82526,72410
"M547.4633T2411.92",547.4633,40.2,6.592,96.44,3.463e-06,1.123,2667,6464,3549,3454,4309,3216,509888,463759,508728,455250,458662,435030,846001,810807,768443,778376,809944,757756
"M455.4210T2459.95",455.421,41,4.361,20.54,7.322e-06,1.123,13248,16871,12962,20330,16986,18340,445075,454540,458390,437995,418862,376240,520342,509263,505059,404181,435696,430461
"M159.1147T2799.73",159.1147,46.66,3.049,8.28,2.683e-09,1.122,1273,1466,1154,1342,1215,1284,15793,13681,12632,15783,12051,12975,17665,16022,16853,14011,17766,16556
"M772.5708T2641.37",772.5708,44.02,4.646,25.04,7.829e-09,1.122,4361,5899,6175,5926,4743,4096,192812,221072,196694,141144,143269,123390,220707,207472,205526,146004,153914,150880
"M400.2484T2801.16",400.2484,46.69,3.61,12.21,8.499e-08,1.122,3063,4028,2690,3006,3603,2646,51614,50760,45687,59219,48402,42627,67823,60589,60724,55166,60816,64921
"M191.1748T2800.67",191.1748,46.68,3.248,9.5,1.444e-07,1.122,9453,13092,9796,10194,12502,9541,138974,125426,124059,148723,134012,116616,167069,146511,150062,143780,163604,157798
"M743.5486T2732.86",743.5486,45.55,4.199,18.37,1.787e-07,1.122,7478,11506,6850,8619,7704,5988,231818,194108,193770,186677,167396,153401,287062,243537,238989,171708,197904,198704
"M746.5511T2619.45",746.5511,43.66,6.776,109.6,1.802e-06,1.122,5187,11836,11508,7771,10813,4730,1371976,1317902,1356973,1016965,1071647,844429,1694623,1592859,1539270,1215692,1202621,1322932
"M564.4974T2482.68",564.4974,41.38,5.094,34.14,2.17e-06,1.122,8205,13295,12974,8351,12762,7371,487480,419638,450911,454696,458065,425452,658620,648706,611430,673580,684215,607420
"M1460.0548T2555.84",1460.0548,42.6,13.233,9630.64,3.813e-06,1.122,198,207,100,73,37,104,1441293,1506467,1412603,1205858,1091034,1046640,1470804,1446904,1396237,1055494,1065503,1044665
"M579.5155T2511.19",579.5155,41.85,3.387,10.46,4.055e-06,1.122,3105,4375,3546,4955,4260,3642,55179,53820,52631,53126,51993,52050,59715,60920,58374,67748,63323,57551
"M1473.0571T2578.93",1473.0571,42.98,7.579,191.15,5.105e-06,1.122,198,270,226,94,173,108,47022,43784,43508,40585,37890,34901,43889,43360,41701,38745,37107,37826
"M1448.0552T2559.85",1448.0552,42.66,13.031,8367.97,6.19e-06,1.122,123,412,285,170,373,61,2551334,2444586,2411468,1940371,1820449,1679218,2644815,2567914,2468358,1888411,1921715,1892667
"M563.4951T2482.68",563.4951,41.38,5.55,46.85,6.276e-06,1.122,15681,26023,21478,13571,25712,12513,1182826,1056908,1148490,1116641,1122378,1043560,1596142,1632853,1528568,1683306,1627845,1540151
"M715.4990T2484.04",715.499,41.4,2.918,7.56,6.302e-06,1.122,3044,2633,3463,2844,3664,2315,30057,29390,30007,28489,28476,26894,36403,34348,33542,29624,31050,28285
"M456.3111T2801.30",456.3111,46.69,8.883,471.99,8.117e-06,1.122,186,51,102,119,51,118,62359,57552,54985,65466,59420,46872,78110,69776,72555,62702,75467,72873
"M659.4924T2733.37",659.4924,45.56,3.311,9.93,2.643e-09,1.121,38931,49496,37804,43314,42071,33493,607739,541456,527768,566321,493409,406682,810794,746667,754803,622079,690620,660441
"M259.2351T2800.74",259.2351,46.68,2.423,5.36,3.167e-09,1.121,19735,21102,19785,19713,20194,21074,149762,137706,132650,158338,145459,121125,180427,163479,173193,153569,179988,170445
"M660.4962T2732.86",660.4962,45.55,3.225,9.35,8.677e-09,1.121,19260,27060,20938,21928,19952,17926,287956,262919,264830,272173,239220,203456,384182,362490,362030,292716,330234,323672
"M737.5029T2412.39",737.5029,40.21,4.066,16.75,8.106e-08,1.121,4107,4312,4298,4786,4788,4616,103409,94457,104808,97294,93307,88781,159979,158125,149602,156339,144547,151061
"M161.1272T2800.37",161.1272,46.67,2.549,5.85,4.789e-07,1.121,4336,3364,5095,4460,3679,3629,30266,31005,29593,34316,31409,27579,37305,34537,35644,32972,37822,34090
"M149.1288T2800.78",149.1288,46.68,2.606,6.09,1.36e-06,1.121,8908,12378,10570,9033,11368,8574,81790,81032,76354,86535,79517,69592,97188,95761,96709,92385,98555,92267
"M455.2919T1901.48",455.2919,31.69,4.129,17.49,2.075e-06,1.121,10269,10718,16722,7746,11300,11444,218076,264074,245016,284567,249650,244643,268947,281018,265807,317856,288122,275602
"M565.5000T2482.55",565.5,41.38,4.116,17.35,3.034e-06,1.121,4979,5027,5436,3963,4757,2733,105697,95458,102397,98789,97744,88786,141218,150460,138207,154032,146899,129583
"M606.5406T2576.60",606.5406,42.94,2.536,5.8,3.206e-06,1.121,3556,3913,4198,5299,3934,4130,31533,31943,34657,29003,30113,29079,36646,37309,36591,34788,34850,33995
"M747.5557T2620.46",747.5557,43.67,6.108,68.97,3.903e-06,1.121,3167,8033,8721,6850,6791,4649,621994,611657,627423,460567,485381,449264,767766,708493,687484,539553,551478,550306
"M758.5582T2610.96",758.5582,43.52,6.93,121.98,4.707e-06,1.121,7079,19496,15842,14309,16774,8854,2256722,2343268,2326832,1820942,1863296,1700719,2452164,2377594,2321302,1795921,1803844,1840432
"M632.4781T2457.12",632.4781,40.95,4.298,19.68,8.581e-06,1.121,2853,2896,2325,4371,2042,2845,68700,72178,72323,75693,73631,65745,78977,76333,81999,65170,73564,75769
"M691.5027T2499.40",691.5027,41.66,4.969,31.32,1.948e-05,1.121,103088,164906,182584,90360,143392,71047,4936428,4846967,4873230,4975581,4653596,4631631,5536290,5538244,5321874,5126581,5262786,5204320
"M199.0837T2801.06",199.0837,46.68,2.811,7.02,6.414e-09,1.12,6510,5594,5913,4954,5478,4843,55917,49622,46233,58528,50625,41335,67421,57598,61802,55970,68292,66696
"M462.2934T1938.14",462.2934,32.3,4.226,18.71,1.939e-08,1.12,4054,3243,4637,3645,3200,4055,82433,96151,89178,103988,91860,85098,140909,142549,132534,152974,148836,151092
"M367.3308T2801.06",367.3308,46.68,9.171,576.44,6.371e-08,1.12,131,65,65,65,65,65,59647,52708,51195,51082,60837,53068,80766,72709,28409,25993,73639,77208
"M632.4830T2801.16",632.483,46.69,2.957,7.77,4.891e-07,1.12,4468,5857,4514,5489,6275,4778,54530,50503,50751,62507,48443,46753,66730,60409,63296,59888,65180,60218
"M1490.0953T2582.75",1490.0953,43.05,11.478,2851.63,7.126e-07,1.12,61,155,33,53,133,95,397549,371912,375835,220421,217577,197112,387809,367590,355210,209888,209407,244743
"M1465.0871T2592.25",1465.0871,43.2,11.139,2255.43,1.379e-06,1.12,72,90,36,112,199,124,371318,344600,351474,213060,207764,200978,390316,364198,332276,210788,226036,261379
"M1464.0811T2582.76",1464.0811,43.05,12.213,4747.56,2.493e-06,1.12,25,99,186,119,127,75,733255,703176,711576,446114,433000,394594,790559,729971,709812,440757,457173,495299
"M243.2046T2800.44",243.2046,46.67,3.063,8.35,4.764e-06,1.12,3790,5573,3303,3903,4492,3521,44585,43068,42394,47896,44135,39485,54759,50591,53084,48938,55777,54846
"M1511.0727T2586.19",1511.0727,43.1,9.518,733.22,6.19e-06,1.12,37,75,31,16,63,38,43999,43259,42240,31998,31468,28916,41746,41416,39799,29348,29402,28836
"M173.1273T2800.58",173.1273,46.68,3.379,10.41,6.487e-06,1.12,1586,2856,1726,1990,2238,1861,29556,27437,26349,28813,27293,22712,34404,31342,32240,30530,33576,32828
"M1494.0206T2469.00",1494.0206,41.15,6.424,85.87,6.682e-06,1.12,1453,1519,1813,1074,2705,779,194415,165772,184385,140461,143775,140329,291489,296481,266732,220292,229166,231923
"M1462.0674T2573.19",1462.0674,42.89,13.051,8487.03,9.376e-06,1.12,272,332,98,49,114,46,1513108,1515255,1498361,1116062,1079737,959604,1596401,1555365,1485229,1046195,1065684,1106420
"M703.5002T2486.05",703.5002,41.43,5.024,32.53,1.949e-05,1.12,7031,11995,16222,6582,11520,8788,421300,415957,413307,439570,399413,394044,480658,473484,465917,443369,445610,429141
"M454.4253T2460.63",454.4253,41.01,6.188,72.91,1.978e-05,1.12,8176,23757,11468,17832,10718,17491,1360625,1415641,1419718,1319227,1170928,1228334,1610125,1589490,1570407,1164479,1097004,1346010
"M690.5014T2499.10",690.5014,41.65,5.029,32.66,2.111e-05,1.12,226399,390115,426014,204968,322133,163803,11631438,11552094,11608398,11884352,11157284,11079172,13004311,13084862,12665710,12194577,12401690,11964320
"M808.5774T2735.76",808.5774,45.6,7.867,233.49,6.414e-09,1.119,372,372,372,372,744,372,94597,106716,108260,167107,160754,136032,95850,88138,94674,110367,128098,123271
"M257.2208T2801.03",257.2208,46.68,2.843,7.17,2.728e-07,1.119,6100,8562,6432,7013,7472,5227,67846,61330,58846,69858,63509,53553,79646,72914,72831,69151,82644,80309
"M1452.0764T2593.75",1452.0764,43.23,9.97,1003.22,1.082e-06,1.119,181,83,75,38,152,88,161776,145275,150170,85632,90138,99279,266028,176877,143801,83729,91879,114565
"M1459.0051T2449.60",1459.0051,40.83,6.286,78.01,1.142e-06,1.119,3647,4267,4854,2130,3879,2032,406488,348112,392070,289475,289241,285581,746868,758874,700782,555953,540969,550256
"M1500.0782T2593.92",1500.0782,43.23,9.687,824.04,3.618e-06,1.119,14,46,34,60,27,14,38842,36489,35865,24998,23056,23105,32689,33361,32522,23479,22652,25012
"M732.5025T2443.17",732.5025,40.72,4.254,19.09,5.04e-06,1.119,61265,46839,98816,59222,74892,42867,1487643,1413125,1447996,1641970,1552345,1558419,2162952,2154150,1974322,2071337,2052749,2133002
"M1434.0298T2516.65",1434.0298,41.94,8.223,298.85,6.333e-06,1.119,2855,3569,3972,1146,3660,1084,1016577,1211732,1172290,756679,773811,719417,1134811,1166904,1171426,846696,805675,903451
"M778.5503T2508.23",778.5503,41.8,4.191,18.27,1.391e-05,1.119,4827,11043,8549,6969,9237,5849,180784,163884,177174,185426,176380,172470,203426,198913,190340,216022,212241,199509
"M217.1886T2800.26",217.1886,46.67,5.242,37.85,1.624e-05,1.119,1986,3972,1986,1986,4200,1986,127974,119924,120660,142043,129338,104024,156556,135334,147131,139809,161005,151327
"M1433.0259T2520.04",1433.0259,42,8.633,397.12,1.639e-05,1.119,5667,6263,7250,2265,6935,1685,2571270,2562170,2572687,2015202,1975794,1837103,2864601,2849011,2785989,2143610,2161323,2150754
"M1379.9947T2499.03",1379.9947,41.65,7.169,143.87,1.657e-05,1.119,20122,29126,32109,12329,29151,8046,4242496,4139629,4165800,3285001,3111423,2993681,4908267,4934306,4603567,3532221,3600540,3725119
"M1432.0231T2520.04",1432.0231,42,8.784,440.71,2.037e-05,1.119,4837,7239,6815,2665,8367,1515,2976664,2900763,2927769,2264638,2253937,2124473,3275202,3232255,3163886,2502384,2466349,2421817
"M1472.0486T2568.12",1472.0486,42.8,6.974,125.71,2.063e-05,1.119,336,494,638,222,395,161,57351,59143,59952,52685,51664,49520,57519,59384,54885,50643,51687,47642
"M1461.0574T2555.65",1461.0574,42.59,13.194,9372.48,2.072e-05,1.119,62,138,482,106,58,29,1272662,1393258,1322364,1081149,1010656,905058,1298666,1311085,1259573,939019,949244,942535
"M1466.0389T2517.06",1466.0389,41.95,7.177,144.66,2.13e-05,1.119,1218,2030,1107,1092,2816,585,278721,270224,280946,218102,213708,212224,316341,331909,298817,258807,254077,243871
"M437.3902T2459.42",437.3902,40.99,3.121,8.7,2.605e-05,1.119,6084,7675,8176,11189,6685,8391,88101,95071,90010,90351,87598,80796,100949,99684,101397,78731,90372,86100
"M247.2338T2800.69",247.2338,46.68,1.747,3.36,8.025e-09,1.118,7542,8727,8363,7474,7730,6567,32806,34958,31378,37480,34041,30185,39431,38443,38636,32734,41723,38925
"M219.2043T2801.03",219.2043,46.68,2.152,4.44,2.412e-07,1.118,7614,9190,7862,8725,9691,7487,51545,48577,46346,55490,46829,41211,59671,52010,54957,53397,58239,57880
"M1525.0848T2605.42",1525.0848,43.42,9.37,661.58,3.274e-06,1.118,15,26,8,8,26,8,14511,13780,13786,9805,8589,7355,11578,11728,11490,8518,7887,8877
"M177.1596T2800.44",177.1596,46.67,3.279,9.71,3.274e-06,1.118,8222,13960,9789,11732,13895,9611,148699,135092,131486,159107,143828,112976,182661,149930,160988,158570,176323,168778
"M1500.0462T2477.96",1500.0462,41.3,4.52,22.94,3.367e-06,1.118,1084,1653,1718,1214,1665,780,46561,37743,43412,35851,35704,33614,69618,68685,64436,59031,57393,57582
"M719.4768T2412.75",719.4768,40.21,4.078,16.88,4.764e-06,1.118,18875,14920,21259,17428,22746,11697,412695,384791,412668,357489,366208,347723,650644,657677,608533,587722,599735,588398
"M147.1124T2800.73",147.1124,46.68,3.188,9.12,6.402e-06,1.118,1103,1462,1048,1437,1762,1281,16438,15072,15052,18252,15271,14033,20774,17616,17511,17017,19180,17241
"M1476.0835T2587.60",1476.0835,43.13,12.629,6332.62,1.013e-05,1.118,109,14,74,122,158,69,792512,764431,781092,499408,470193,406446,840670,818097,767709,442863,463070,517196
"M1380.9973T2499.68",1380.9973,41.66,8.054,265.8,2.062e-05,1.118,8843,13580,16753,4738,13719,3467,3598069,3454724,3454094,2690115,2594438,2475014,4130897,4147912,3891104,2951739,2933047,3177737
"M1436.0514T2559.56",1436.0514,42.66,10.324,1281.7,2.209e-05,1.118,718,1770,2235,414,1430,318,1826860,1736882,1730016,1328737,1258236,1198770,1912950,1906101,1754463,1358281,1361363,1379828
"M739.5216T2450.22",739.5216,40.84,5.328,40.17,2.236e-05,1.118,14609,18065,23561,9736,24633,9692,864272,765590,821196,822900,784463,803587,1375004,1360009,1278948,1324430,1274675,1308745
"M1483.0306T2476.99",1483.0306,41.28,5.715,52.52,2.828e-05,1.118,1250,1441,1693,666,2054,642,92192,85194,92804,75153,68779,69246,123949,122261,107141,98491,100033,102255
"M716.5152T2520.18",716.5152,42,6.142,70.6,2.985e-05,1.118,58102,183341,164987,87480,151795,76722,10143980,10039358,9914437,10591051,9869474,9746308,10817753,10822092,10599743,10584559,10521271,9828543
"M852.5480T2459.07",852.548,40.98,4.185,18.19,3.223e-05,1.118,14751,21913,20272,10088,22059,10903,396518,360979,398127,365486,374519,342242,440484,432505,396625,421382,408811,436547
"M576.4982T2469.65",576.4982,41.16,7.485,179.1,3.773e-05,1.118,2478,12480,4923,7103,11178,5824,1561755,1369932,1519831,1494144,1533269,1446797,2386621,2361870,2210265,2233974,2362868,2140317
"M377.3470T1573.66",377.347,26.23,8.276,309.92,2.345e-09,1.117,110,110,220,110,110,110,59082,37710,37214,48071,63614,58163,146578,183075,172037,164234,151767,172940
"M562.5232T2723.58",562.5232,45.39,4.13,17.51,4.163e-08,1.117,21314,23323,21464,30138,27948,28290,504617,516089,521681,666485,633119,593234,508431,455071,494306,505290,540725,551071
"M981.5758T1938.09",981.5758,32.3,6.806,111.88,3.514e-07,1.117,331,165,346,165,165,165,34726,46551,25937,53107,27184,12885,44164,43333,41488,38602,41013,47760
"M712.4793T2498.60",712.4793,41.64,1.857,3.62,1.538e-06,1.117,14093,15482,15583,15557,13505,14643,70607,63984,61056,80328,70808,69926,74871,74044,71290,78873,77435,71161
"M773.5726T2641.88",773.5726,44.03,3.873,14.65,1.785e-06,1.117,5803,6511,5950,3149,5375,3503,101821,116400,106770,79232,81843,74465,122289,113855,109762,82812,84511,90281
"M578.5016T2466.55",578.5016,41.11,4.488,22.44,3.583e-06,1.117,1392,1357,881,2248,1367,1231,37710,35216,36772,44203,42186,40959,58976,62061,60866,63340,58850,60384
"M1479.0964T2593.25",1479.0964,43.22,9.614,783.42,3.819e-06,1.117,206,106,48,129,165,37,130651,129559,130297,71892,73549,76636,135060,136290,120041,66838,77736,88991
"M779.5521T2508.41",779.5521,41.81,2.389,5.24,8.844e-06,1.117,12555,16521,15314,11919,13881,8941,89172,86461,86522,92092,85488,85677,98465,102328,96158,105160,106896,93959
"M1478.0944T2591.10",1478.0944,43.18,11.734,3405.52,9.155e-06,1.117,19,37,107,146,62,19,291908,275065,280968,159875,164309,152240,305620,291762,279494,159291,165165,188151
"M178.1628T2800.92",178.1628,46.68,3.157,8.92,1.022e-05,1.117,1302,2386,1585,1924,2114,1409,20808,21328,18263,21767,20952,17875,27339,24483,24578,22343,23801,24958
"M1128.8583T2488.06",1128.8583,41.47,1.54,2.91,1.264e-05,1.117,4654,5285,4836,6255,4486,4452,19671,19098,18883,20070,17318,16886,20808,19631,19478,17233,18215,18516
"M260.2390T2800.96",260.239,46.68,2.676,6.39,1.381e-05,1.117,2808,3747,3555,4681,3751,4033,31441,32195,29913,33900,30918,26336,40181,36793,36192,34186,35689,37620
"M1495.0210T2468.65",1495.021,41.14,6.185,72.75,1.446e-05,1.117,1251,1865,2797,787,2143,966,168947,145683,167289,119215,123933,120253,257251,264985,243125,186726,193734,205009
"M258.2253T2801.00",258.2253,46.68,2.712,6.55,1.657e-05,1.117,1718,1752,1580,1276,2293,1467,14868,14259,13511,15445,13910,12174,16774,15493,16377,14899,16458,16801
"M631.5376T2797.08",631.5376,46.62,4.061,16.69,1.829e-05,1.117,4697,8142,4813,6923,9455,6120,144147,140671,138411,164028,124723,128853,155249,136822,149237,137298,133884,143732
"M1451.0666T2560.80",1451.0666,42.68,10.942,1967.35,2.367e-05,1.117,167,449,178,194,33,235,528029,492813,504015,352667,350295,332763,535423,523835,484187,356588,367197,390317
"M733.5066T2442.90",733.5066,40.72,5.025,32.56,2.578e-05,1.117,17818,15302,43990,19339,23661,12471,842467,793610,818604,919059,867790,867068,1242593,1238430,1143876,1194985,1190342,1181828
"M230.0380T2582.21",230.038,43.04,6.117,69.41,2.59e-05,1.117,586,414,644,219,421,208,33349,34457,34735,37072,33495,31405,34588,33382,33318,27645,30013,28783
"M578.5124T2512.19",578.5124,41.87,4.66,25.29,3.601e-05,1.117,5333,14312,6104,7010,10602,6168,262253,247075,248876,252899,256704,247350,296050,297218,277552,311811,309698,284288
"M1421.0253T2530.39",1421.0253,42.17,8.705,417.38,4.533e-05,1.117,5331,6321,7307,1933,6102,1113,2391121,2209419,2246346,1990885,1879852,1785691,2692603,2635520,2439207,2146968,2168996,2082205
"M179.1733T2800.93",179.1733,46.68,1.914,3.77,7.114e-09,1.116,4240,4029,3808,3861,3945,3109,19644,18182,17441,21014,18175,17176,23484,21407,21182,18148,24154,22781
"M135.1130T2799.93",135.113,46.67,2.141,4.41,7.607e-08,1.116,1608,2008,1735,1477,1643,1776,10870,10079,8936,11585,8978,8099,12797,11053,12569,10962,11860,10890
"M1524.0763T2605.86",1524.0763,43.43,8.744,428.76,8.818e-07,1.116,28,14,14,46,14,40,17594,17329,17148,12274,9355,6943,14805,14191,14247,9371,8086,11212
"M551.4813T2446.90",551.4813,40.78,4.519,22.92,3.66e-06,1.116,10183,10964,15213,8937,15182,7013,352234,285029,321642,331216,333268,304982,595523,578211,533339,565145,600282,551410
"M1520.0861T2565.99",1520.0861,42.77,8.089,272.37,1.009e-05,1.116,113,125,185,64,146,32,25732,45582,40950,32194,29788,32134,34951,34441,33055,28894,28343,28783
"M693.5015T2494.43",693.5015,41.57,3.518,11.46,1.276e-05,1.116,5844,8531,8384,7619,12827,8529,119302,116183,119443,135503,126041,129318,148014,161085,154568,135014,152936,153499
"M1488.0864T2582.57",1488.0864,43.04,14.543,23873.27,2.67e-05,1.116,76,13,83,7,7,7,670642,703994,696492,419130,409483,351246,714591,691554,696684,389659,410234,434617
"M1492.0999T2603.94",1492.0999,43.4,11.183,2324.36,2.687e-05,1.116,25,6,37,28,83,12,86051,84979,91484,54981,58207,53465,90460,96564,95405,49771,64854,77854
"M550.4835T2450.22",550.4835,40.84,5.301,39.42,3.024e-05,1.116,43137,49112,69563,27046,58911,21747,2216644,2002611,2171005,2088094,2136552,2067317,3688277,3710821,3435366,3488229,3526490,3358555
"M549.4813T2450.22",549.4813,40.84,5.337,40.41,3.528e-05,1.116,117936,125013,176493,68241,145743,50329,5912078,5128011,5478077,5532280,5311564,5395395,9207058,9371604,8833554,9133054,9034503,8378033
"M1483.0612T2558.40",1483.0612,42.64,8.489,359.31,3.528e-05,1.116,126,125,34,68,207,170,62983,46074,46399,49074,43371,44918,65127,53355,46156,49796,47837,52010
"M230.0375T2669.55",230.0375,44.49,6.693,103.49,3.769e-05,1.116,365,641,163,590,381,503,58635,57518,56372,54897,49038,47922,59575,53244,55014,42007,43371,45300
"M1450.0627T2560.66",1450.0627,42.68,13.083,8678.41,4.02e-05,1.116,181,117,13,38,114,190,1074359,1017205,1020270,771696,738354,713101,1086171,1053018,968934,782029,767732,788361
"M1480.0536T2537.02",1480.0536,42.28,6.429,86.18,4.123e-05,1.116,729,1515,1882,715,1065,366,111680,113933,115360,93055,91325,88327,121691,131882,111012,102112,102557,97526
"M853.5510T2458.88",853.551,40.98,4.219,18.63,4.18e-05,1.116,5637,10206,12975,5942,11156,6261,209490,192707,203110,199669,196880,186259,215867,220269,196397,217128,206783,222448
"M564.4962T2537.66",564.4962,42.29,3.576,11.93,4.455e-05,1.116,7766,13823,17560,10286,13342,7518,185994,168118,171959,180070,170263,157628,190019,182004,176539,182362,185711,163986
"M780.5413T2614.31",780.5413,43.57,10.293,1254.52,4.614e-05,1.116,148,44,44,44,311,87,146677,142280,144480,128160,127268,121320,155611,156021,141725,127610,127480,120090
"M1465.0380T2517.43",1465.038,41.96,7.355,163.73,4.899e-05,1.116,1257,2571,2431,868,2683,512,350017,342777,338553,276043,270079,276686,398676,418618,373985,331189,320620,317862
"M581.5330T2720.58",581.533,45.34,2.468,5.53,1.156e-07,1.115,53586,48947,47899,56292,47489,50756,315784,340834,349780,424615,392140,361720,328591,301911,332082,314874,331324,339230
"M461.4074T2800.48",461.4074,46.67,2.134,4.39,3.439e-07,1.115,4115,5198,3679,5070,4207,4149,23802,23818,23369,28409,26854,22853,33133,29405,30019,26711,29953,27471
"M937.7503T2833.23",937.7503,47.22,3.841,14.33,3.827e-07,1.115,3632,3132,4256,5756,3821,4501,67579,71254,70120,86369,84815,77937,71088,59591,76725,67250,88530,92065
"M1497.0232T2467.65",1497.0232,41.13,3.923,15.17,6.342e-06,1.115,1198,2104,2066,1380,2169,1119,37744,32818,36529,30030,28687,25260,56614,54738,50164,40449,43746,41970
"M223.0927T2801.76",223.0927,46.7,3.341,10.14,1.065e-05,1.115,2317,4159,2983,4018,4090,3946,47927,46928,43145,55542,46487,37447,58437,54411,56602,53049,62559,55640
"M341.3742T1578.89",341.3742,26.31,6.916,120.74,1.472e-05,1.115,287,654,1147,573,287,287,83041,64863,64332,75253,87843,63614,128251,137684,130420,126962,211654,140617
"M192.1781T2800.44",192.1781,46.67,2.986,7.92,1.614e-05,1.115,1693,2774,2151,1434,2491,1874,23065,19735,19792,23246,19678,18832,28193,22956,23548,23880,25746,24461
"M381.2378T2800.96",381.2378,46.68,8.024,260.27,1.706e-05,1.115,165,83,229,274,42,173,44406,39733,40762,73177,46063,36979,56462,50015,78314,76756,55702,55738
"M175.1436T2800.93",175.1436,46.68,3.723,13.2,1.743e-05,1.115,1613,3661,2606,2080,3447,2444,45676,40742,40929,51624,45898,36739,53338,46571,46580,49103,54178,51559
"M1491.0994T2587.41",1491.0994,43.12,10.726,1693.36,1.809e-05,1.115,83,117,18,138,159,36,206178,206719,204929,122812,119434,119222,206636,207395,191318,108923,116153,133923
"M401.2594T2801.09",401.2594,46.68,3.858,14.5,2.434e-05,1.115,1321,1992,1524,2831,2097,1073,33401,32812,30921,36835,34418,25669,41856,39572,42860,35834,41426,43645
"M1460.0147T2449.39",1460.0147,40.82,7.028,130.48,3.149e-05,1.115,1487,2694,2275,1798,2675,502,348150,291941,334965,254539,246585,235820,644143,641566,590367,475894,465462,476082
"M1486.0623T2588.98",1486.0623,43.15,9.321,639.69,3.223e-05,1.115,33,147,33,168,66,33,58427,62465,60256,48802,43357,39982,59787,57660,55773,43233,37327,41957
"M562.4813T2441.41",562.4813,40.69,5.7,51.99,4.533e-05,1.115,2210,1319,2188,660,1478,660,90334,77671,84386,87160,85706,84937,134872,137892,129841,133084,137385,129457
"M1471.0452T2564.86",1471.0452,42.75,7.61,195.34,5.661e-05,1.115,89,363,546,277,258,111,58026,58338,59839,59567,53907,55879,63265,62335,58746,60120,57604,54047
"M580.5297T2720.67",580.5297,45.34,2.353,5.11,1.204e-07,1.114,123250,119825,116778,137894,119321,122423,745331,751336,759157,948460,883250,804836,754487,672978,725303,693851,757049,776897
"M1517.1134T2608.16",1517.1134,43.47,9.784,881.88,6.288e-07,1.114,37,43,25,55,12,11,39106,45056,42601,21825,21181,18424,34362,31457,33924,15392,15495,20232
"M1586.1357T2582.02",1586.1357,43.03,8.872,468.44,2.037e-05,1.114,12,12,12,38,52,23,15606,15559,14120,11415,9923,8752,14756,12823,13899,8431,8166,9039
"M1487.0314T2466.16",1487.0314,41.1,5.439,43.37,2.224e-05,1.114,1463,2816,3997,1322,3705,1410,159766,139271,147638,109822,106281,91628,188556,179107,164463,142131,138091,144028
"M740.5198T2448.91",740.5198,40.82,4.569,23.73,2.944e-05,1.114,5986,6576,8050,4168,11087,3983,200559,182097,186003,193028,185539,198610,324592,324073,298891,351971,296448,297024
"M722.4957T2450.22",722.4957,40.84,4.654,25.17,3.209e-05,1.114,59089,51427,79875,37075,68881,25361,1733667,1514028,1652684,1650765,1591087,1627840,2827874,2794721,2630015,2611457,2678763,2619306
"M1498.0678T2590.77",1498.0678,43.18,10.27,1234.4,4.27e-05,1.114,13,156,33,14,43,33,64552,63175,63201,47820,44389,40196,61698,61447,58376,45197,42796,43099
"M454.2916T1901.75",454.2916,31.7,5.21,37.02,4.588e-05,1.114,10624,19430,39953,14796,23219,27816,844390,1075533,963901,1119393,996705,963332,1055392,1147045,1089694,1263924,1128312,1108052
"M237.1072T2801.34",237.1072,46.69,4.278,19.4,4.853e-05,1.114,9535,24426,10738,9143,16399,8808,325836,297583,294567,347168,311340,264360,412555,368731,374199,344547,387957,393298
"M1463.0736T2575.55",1463.0736,42.93,13.792,14188.99,4.88e-05,1.114,10,146,210,19,20,67,1039467,978170,987052,697251,666933,600381,1081193,1062018,1010096,691046,701719,762692
"M1505.0721T2549.64",1505.0721,42.49,9.83,910.31,4.994e-05,1.114,14,95,53,90,27,14,47051,45608,47330,39846,35332,41556,45463,44052,41505,38207,37256,36262
"M1116.8607T2497.08",1116.8607,41.62,4.869,29.22,5.048e-05,1.114,3672,9317,10122,4426,7987,3632,218294,219333,214508,253358,223498,220984,247934,250886,237349,254001,254009,233448
"M1508.0828T2570.16",1508.0828,42.84,9.375,664.1,5.661e-05,1.114,11,47,78,89,16,51,36524,38182,36577,29133,28301,28114,38579,39765,35644,31791,31197,31016
"M721.4945T2451.25",721.4945,40.85,5.43,43.11,5.703e-05,1.114,63963,83151,130431,43523,106278,31606,4030937,3560807,3901333,3763923,3787785,3783656,6555144,6575290,6150122,6177585,6179923,6059722
"M201.1578T2800.99",201.1578,46.68,8.809,448.42,5.899e-05,1.114,179,19,42,38,19,63,26111,22015,23859,30084,27435,21771,31348,29337,29661,28238,30097,32567
"M1481.0224T2472.93",1481.0224,41.22,5.13,35.01,6.268e-05,1.114,1855,2666,5211,1216,3200,2706,132479,123602,124718,116853,98592,98578,167961,162260,144105,127362,125183,128750
"M502.4236T1557.20",502.4236,25.95,6.827,113.51,2.415e-07,1.113,60,63,30,30,30,30,5404,5790,4916,5041,7393,5427,13313,19316,15687,18900,16654,15036
"M1514.0471T2468.14",1514.0471,41.14,3.676,12.78,2.702e-06,1.113,1691,2404,2369,2311,2335,1072,40932,34718,38363,29159,26782,26517,57647,56221,52780,43434,41977,41552
"M340.3730T1577.58",340.373,26.29,5.829,56.86,2.918e-06,1.113,5371,9860,10189,12651,5121,8175,708297,544557,543822,615026,655718,529803,989066,1069452,1066723,1778169,1703413,1120819
"M1505.1112T2611.01",1505.1112,43.52,10.781,1759.52,1.033e-05,1.113,25,7,14,66,7,7,46732,44777,45740,24843,23125,20242,44225,39595,39360,20195,19463,26781
"M934.7308T2821.10",934.7308,47.02,6.121,69.6,1.942e-05,1.113,3746,7492,3746,12803,3746,3746,399345,422451,442417,541076,526063,468891,416147,385504,410323,437313,571247,541178
"M396.3625T2800.44",396.3625,46.67,3.47,11.08,2.535e-05,1.113,1918,3134,1970,2213,2677,1127,31938,27132,28871,35160,29783,25899,37747,35458,35068,35245,39771,40725
"M1513.0463T2468.65",1513.0463,41.14,5.277,38.77,2.553e-05,1.113,1757,1963,2286,710,2413,1048,94083,82652,96927,69752,68017,62394,150721,149787,143331,109073,108434,114408
"M145.0976T2800.13",145.0976,46.67,2.981,7.89,3.131e-05,1.113,512,556,554,934,816,487,6927,6612,6151,7082,6463,5092,7695,6391,7328,6769,7906,6930
"M1156.8908T2556.17",1156.8908,42.6,5.083,33.9,3.382e-05,1.113,948,685,1073,2140,1770,1329,47956,53306,51151,61250,57377,53656,51321,51862,48767,55204,51575,50150
"M1443.5372T2560.86",1443.5372,42.68,5.078,33.78,3.635e-05,1.113,174,429,370,350,394,139,14022,14352,14142,11269,10951,10407,15180,13290,14934,10808,9913,11335
"M574.4739T2604.12",574.4739,43.4,3.1,8.57,3.665e-05,1.113,6100,7166,8254,9742,8999,4580,81394,87865,89898,79980,74380,69855,85549,79101,83341,60555,70077,65541
"M603.5237T2533.51",603.5237,42.23,4.217,18.6,4.146e-05,1.113,3834,10352,5473,5489,9318,4347,145543,137703,132614,155743,150804,148637,161963,169962,156036,190001,178724,163017
"M1489.0892T2583.26",1489.0892,43.05,13.512,11684.38,4.591e-05,1.113,45,63,213,26,11,6,619812,617920,618143,383856,368965,337602,649227,613911,617742,366915,377389,411871
"M1506.0749T2549.75",1506.0749,42.5,9.078,540.52,5.541e-05,1.113,75,56,142,98,36,12,40118,43043,42057,33123,33732,36262,38631,38090,35023,33436,32526,31369
"M578.5131T2568.21",578.5131,42.8,3.079,8.45,5.852e-05,1.113,6621,7857,9596,14839,10293,6863,101451,98734,98825,93771,101307,94132,113954,107627,100840,109473,104486,89929
"M1479.0566T2535.84",1479.0566,42.26,6.294,78.47,6.071e-05,1.113,1064,2091,2993,1338,1895,475,154595,163105,163599,126819,128041,129607,167895,177750,155868,141171,141985,137390
"M749.5127T2467.65",749.5127,41.13,5.664,50.69,6.247e-05,1.113,3437,6708,8486,2315,9177,4841,350478,314247,346894,348570,338385,351567,557565,559368,591057,534585,532487,529364
"M577.5087T2512.64",577.5087,41.88,5.06,33.37,7.634e-05,1.113,8210,28921,11315,12821,24404,10507,647609,590657,617387,633607,627039,602600,715599,719070,668877,764890,754117,645450
"M717.5168T2519.88",717.5168,42,6.445,87.12,7.899e-05,1.113,14123,77137,60236,30426,59875,30330,4456251,4440277,4359166,4564803,4307925,4337230,4734608,4772872,4661040,4557681,4603941,4513870
"M706.4932T2424.38",706.4932,40.41,6.909,120.18,9.506e-05,1.113,6810,13804,50870,8550,13596,8566,2072493,2029490,2090695,2016690,1943421,1931873,2906533,2999977,2706611,2861888,2701332,2927911
"M339.3741T1191.80",339.3741,19.86,11.072,2153.25,3.917e-08,1.112,170,671,340,170,170,170,781731,1054854,1103540,624619,369757,419399,757517,487410,548745,197280,263289,312017
"M930.6982T2709.72",930.6982,45.16,6.961,124.6,6.371e-08,1.112,402,197,197,393,197,197,48885,55771,51309,31597,31722,29261,37142,37847,38080,19666,18608,24349
"M151.1452T2800.92",151.1452,46.68,1.818,3.53,1.495e-06,1.112,2081,3135,2458,2090,2424,2164,10457,12343,10280,12682,10642,8767,13365,13381,13100,11500,12017,11903
"M1588.1425T2581.25",1588.1425,43.02,6.308,79.26,4.618e-06,1.112,78,132,47,128,99,43,9425,11162,9795,7317,7185,5634,8918,9121,8940,4877,5235,5877
"M519.4769T2800.69",519.4769,46.68,2.312,4.97,9.22e-06,1.112,3267,5220,3581,5153,3755,3587,26479,26427,23457,29587,25535,23808,33243,31050,30778,27975,32241,33032
"M1503.1008T2603.80",1503.1008,43.4,10.537,1485.27,2.224e-05,1.112,13,13,26,115,58,13,71382,69507,70486,39865,39581,34909,69978,71146,65351,32378,35863,45097
"M1487.0717T2591.77",1487.0717,43.2,8.835,456.62,4.008e-05,1.112,16,81,134,127,47,100,50956,50381,48975,35397,34969,28412,50398,48314,47117,32257,30985,33620
"M577.5098T2568.21",577.5098,42.8,3.303,9.87,5.948e-05,1.112,12147,18271,20999,31638,19757,15001,259868,231117,241464,238849,244880,220600,255223,261206,245419,251350,256159,212259
"M1507.0805T2569.04",1507.0805,42.82,8.6,388.09,7.273e-05,1.112,103,187,281,85,28,36,48133,48719,50496,38320,38127,42296,49283,56061,46109,39795,38652,37745
"M738.5187T2450.49",738.5187,40.84,5.476,44.51,7.537e-05,1.112,27983,43562,62087,17656,54096,16476,1965081,1778719,1942137,1838685,1840304,1869836,3181859,3240829,3026317,2976029,2913725,2942270
"M1422.0283T2541.67",1422.0283,42.36,7.732,212.6,8.112e-05,1.112,13559,8503,8023,9946,9443,1331,2325619,2076942,2092275,1799979,1690560,1611441,2508636,2479835,2227603,1937926,1933375,1948777
"M246.2241T2800.74",246.2241,46.68,8.481,357.39,8.16e-05,1.112,55,258,47,23,23,45,24817,22316,20681,26784,25312,19104,29185,24517,26569,24411,30360,30217
"M197.0773T2801.06",197.0773,46.68,4.887,29.59,8.683e-05,1.112,125271,142008,85296,35745,123971,64526,3546071,3294661,3169863,3830682,3299297,2886723,4364236,3978003,4149813,3710493,4200536,4267382
"M1453.5600T2561.15",1453.56,42.69,6.04,65.78,8.787e-05,1.112,210,464,630,272,385,103,26458,25852,25361,25383,24925,22724,24124,27957,27967,25454,23519,25108
"M1492.0529T2529.00",1492.0529,42.15,5.471,44.37,8.809e-05,1.112,875,1541,1897,635,1856,479,67948,66077,65310,57328,57045,53296,70147,69104,64123,61291,62248,57970
"M1435.0450T2549.63",1435.045,42.49,10.55,1499.04,8.933e-05,1.112,497,1819,2199,164,1326,241,1556741,1449067,1440303,1249338,1198449,1127382,1655319,1689003,1493408,1272025,1293029,1284759
"M1482.0596T2557.22",1482.0596,42.62,8.43,344.91,9.612e-05,1.112,86,672,246,206,72,65,77275,69576,70223,73307,62453,62289,87047,80621,73150,76467,72960,68933
"M1420.0240T2530.65",1420.024,42.18,9.441,694.86,9.62e-05,1.112,2623,6116,7176,888,5160,706,2758758,2586240,2630705,2289596,2191374,2064718,3098192,3076692,2838765,2467591,2479594,2388064
"M561.4785T2441.41",561.4785,40.69,7.669,203.45,9.961e-05,1.112,399,798,1850,399,2342,399,210570,187522,206672,208707,208683,203416,338470,331952,315216,322286,336743,305743
"M191.1746T2725.09",191.1746,45.42,2.51,5.7,4.873e-07,1.111,12846,13074,11958,10826,12049,9995,76095,79391,82846,99545,95491,87333,74460,66578,71034,70695,72260,76533
"M723.4964T2447.94",723.4964,40.8,4.017,16.19,2.381e-06,1.111,17658,14555,22389,13276,22624,9538,303975,310457,316644,338724,333163,408749,593448,616125,587788,579782,562563,568427
"M1516.1131T2608.65",1516.1131,43.48,11.046,2113.87,1.063e-05,1.111,68,12,13,6,6,6,42772,46806,44783,23465,22415,20610,37200,31446,33929,17051,15949,20861
"M1600.0642T2466.09",1600.0642,41.1,4.291,19.57,1.246e-05,1.111,849,2002,2769,1361,1303,1015,45982,40845,45555,30605,31504,26768,45499,45753,40759,34640,31347,38623
"M1499.0416T2477.32",1499.0416,41.29,4.569,23.74,2.985e-05,1.111,2679,1372,1787,870,1854,842,55476,45550,51246,42736,38915,34402,83313,80439,75134,68903,64938,67439
"M1478.0512T2515.13",1478.0512,41.92,5.688,51.54,4.716e-05,1.111,1500,2294,4413,1429,3271,951,148527,153992,149966,116655,109539,134011,137649,139188,123317,117326,111090,110619
"M1477.0901T2589.77",1477.0901,43.16,12.296,5027.37,5.307e-05,1.111,214,158,38,25,192,11,582094,542828,549266,323820,317818,285393,620676,566366,556979,310535,322747,364805
"M754.5374T2482.68",754.5374,41.38,3.101,8.58,6.09e-05,1.111,4754,5275,4493,2555,5801,4155,52269,47270,50112,50892,46206,44227,67861,65662,68698,71281,69945,62815
"M1158.9047T2595.28",1158.9047,43.25,5.75,53.81,6.624e-05,1.111,273,791,620,253,831,291,34571,34416,34505,30898,28984,25180,32197,30618,30108,28046,25662,26580
"M1437.0558T2562.57",1437.0558,42.71,10.173,1154.09,7.315e-05,1.111,453,1655,1641,421,1338,110,1191248,1169607,1173808,825268,823351,753872,1243818,1265745,1175758,866686,860611,879856
"M589.5092T2558.66",589.5092,42.64,4.99,31.78,7.745e-05,1.111,2620,8605,9406,7714,7727,3999,259091,244901,238240,266809,251185,238294,254321,242808,232692,254814,254760,234318
"M1484.0529T2579.20",1484.0529,42.99,8.241,302.45,9.116e-05,1.111,268,401,75,114,310,49,65989,64745,63749,58955,55603,55822,63841,64038,63478,57994,54444,54719
"M563.4939T2537.67",563.4939,42.29,3.87,14.62,9.812e-05,1.111,12297,28213,37410,21215,28801,15942,443885,434112,422744,437346,408322,393708,442704,455494,428083,455151,445231,410134
"M1485.0259T2464.02",1485.0259,41.07,6.489,89.8,9.839e-05,1.111,893,2192,2314,2421,1985,397,194682,165996,185453,155620,151074,149351,330936,335184,306574,254137,253020,263495
"M752.5313T2482.68",752.5313,41.38,4.768,27.25,0.0001069,1.111,13172,14463,15722,4374,17119,8747,418592,392258,412266,394874,395738,351961,564200,575082,549626,552878,553370,492724
"M575.4960T2469.99",575.496,41.17,7.878,235.28,0.0001107,1.111,2870,29696,8610,13768,24842,10923,3806534,3253822,3603324,3662392,3699669,3567813,5727894,5621349,5312009,5527418,5717890,5055220
"M747.5115T2469.99",747.5115,41.17,6.729,106.08,0.000115,1.111,8067,32850,62157,15197,40463,19558,3443741,3093268,3368435,3372559,3377354,3204283,5242204,5214933,4924336,5018406,5078758,4855491
"M265.2592T1553.60",265.2592,25.89,8.215,297.04,1.075e-06,1.11,67,20,39,20,20,20,19969,17612,18942,9349,4727,4148,17199,20032,18793,9213,7209,8715
"M950.7287T2790.29",950.7287,46.5,3.326,10.03,1.896e-06,1.11,2404,2404,2404,4808,2404,2404,52657,37014,34975,33887,30317,26043,51702,37297,34964,34841,37416,37522
"M566.5052T2482.33",566.5052,41.37,2.739,6.68,1.237e-05,1.11,2254,2037,2005,1334,2574,1747,16288,15719,17141,17226,17539,17116,23204,23791,23391,26132,24151,22381
"M780.5637T2549.32",780.5637,42.49,2.782,6.88,1.581e-05,1.11,6485,14444,12764,10288,9088,8302,94989,83470,83944,85384,81114,98919,99963,112918,89381,100820,109293,105317
"M303.1626T2801.26",303.1626,46.69,2.332,5.03,3.295e-05,1.11,7379,6969,5838,3732,5205,4533,37776,35893,33605,40140,35805,30501,44394,43322,44531,39443,44379,44699
"M618.5464T2566.30",618.5464,42.77,2.188,4.56,3.386e-05,1.11,1947,2904,3342,3509,2866,2838,16604,16632,16141,17874,16405,17118,20808,18118,17524,18945,19452,16979
"M705.4725T2373.93",705.4725,39.57,4.541,23.28,3.549e-05,1.11,3342,4885,6153,5239,2152,4700,137288,132921,137956,123092,114609,110727,255676,255965,234796,255500,247240,257898
"M1560.1189T2577.03",1560.1189,42.95,6.991,127.2,3.899e-05,1.11,52,118,53,48,196,40,12325,14771,13936,10382,9805,9447,11185,11574,9793,7550,7648,7946
"M718.5174T2514.46",718.5174,41.91,6.179,72.43,4.732e-05,1.11,2355,11104,7075,5187,8886,4496,529684,571180,521916,665495,492052,496689,542913,599124,1156592,1337548,519219,574271
"M1451.0162T2505.12",1451.0162,41.75,4.105,17.2,7.801e-05,1.11,17219,16961,16940,9111,13900,5057,306851,303800,300608,245547,236742,233991,330342,326352,297621,263218,255472,255173
"M142.0236T2619.53",142.0236,43.66,6.892,118.8,9.033e-05,1.11,312,217,237,52,74,74,22231,21537,22477,18570,17921,16626,21497,22172,20495,16223,15215,19281
"M1497.0601T2579.06",1497.0601,42.98,9.351,653.04,0.0001041,1.11,15,200,108,23,26,51,42238,42383,43670,37646,37137,32832,43226,43322,42043,36440,34187,33646
"M718.5326T2563.66",718.5326,42.73,6.625,98.68,0.0001106,1.11,26621,142342,103401,33358,88648,31111,7889959,7560270,7654633,7239930,7063932,6613601,8201597,7916822,7725551,7607174,7432272,7133655
"M1408.9745T2451.92",1408.9745,40.87,5.823,56.61,0.0001195,1.11,7837,4983,5817,6630,3875,1131,351097,341567,348050,307741,281100,279117,513700,521459,493534,364022,369556,402098
"M518.4671T2801.03",518.4671,46.68,1.681,3.21,1.417e-07,1.109,10190,10600,9373,10605,7618,8018,40390,36719,36291,45264,39549,34308,48074,45060,45398,45040,51469,48129
"M1596.0965T2521.91",1596.0965,42.03,5.871,58.52,2.033e-06,1.109,163,331,486,236,224,93,24686,22688,22233,17171,7626,14743,20038,20084,18887,16162,16970,16973
"M959.6002T1936.77",959.6002,32.28,6.903,119.64,6.746e-06,1.109,748,783,353,177,852,394,59550,101810,71717,119426,69730,45987,61287,63811,56171,68069,61201,63945
"M345.1990T2801.06",345.199,46.68,2.757,6.76,4.354e-05,1.109,3616,7275,6075,6268,7698,5841,55231,49511,48703,60629,53097,46552,66912,63795,64640,60172,68662,66358
"M329.3508T1171.38",329.3508,19.52,7.034,131.05,5.42e-05,1.109,182,371,125,645,101,115,44238,41974,36145,32130,25478,27134,50418,37743,32102,26732,26909,29559
"M866.5637T2487.86",866.5637,41.46,3.887,14.79,6.333e-05,1.109,4191,11005,9921,7221,10562,6529,166163,154217,161420,149414,143887,124648,131750,136134,118079,136695,131904,133397
"M238.1107T2801.30",238.1107,46.69,3.877,14.7,7.543e-05,1.109,2169,4231,1734,1519,3572,1743,48320,43533,40973,51419,43605,36402,55926,51582,57379,47655,59156,58259
"M495.3372T2801.44",495.3372,46.69,4.649,25.1,0.0001106,1.109,1082,3132,1169,2807,3018,1241,65243,59133,59104,69134,60816,50380,84505,76196,77630,67901,78066,76999
"M1459.0546T2562.42",1459.0546,42.71,6.18,72.51,0.0001114,1.109,314,1121,1147,308,761,254,50448,55987,49035,52916,48107,45991,53094,51344,51159,48838,48785,42730
"M733.5472T2596.30",733.5472,43.27,7.807,223.97,0.0001164,1.109,5006,6214,16940,1606,12729,3213,1841498,1874387,1845553,1533345,1482758,1399311,2014285,1996196,1952096,1574433,1526892,1588730
"M159.1148T2723.01",159.1148,45.38,2.46,5.5,1.561e-07,1.108,1450,1898,1773,1826,1766,1879,10948,12263,11097,13447,14232,13336,10324,10363,10642,10953,11237,10690
"M147.1084T2723.97",147.1084,45.4,2.231,4.69,6.18e-07,1.108,1716,2149,1597,1672,1307,1206,8242,9887,9641,10637,9723,9484,9250,7999,8395,7327,8255,8313
"M933.6515T2669.83",933.6515,44.5,3.243,9.47,1.116e-06,1.108,2836,2791,1783,3340,2582,2073,34907,35784,37295,29147,25922,23987,33432,30138,33156,20514,21339,24825
"M165.1564T2800.19",165.1564,46.67,1.82,3.53,3.356e-06,1.108,3044,3298,3470,3288,2923,2884,15272,13532,12986,17288,14596,12823,17829,14604,17200,15338,10407,16245
"M456.2933T1902.14",456.2933,31.7,2.903,7.48,8.209e-06,1.108,3108,3706,4568,2399,3256,3736,31279,32009,32238,36129,34779,30755,49444,50885,49121,57126,53353,48553
"M476.2710T1894.57",476.271,31.58,4.484,22.38,8.703e-06,1.108,9011,11579,18941,5345,10614,12832,373241,387931,346719,337591,258557,191499,355098,324031,298101,214735,281314,356455
"M700.4808T2456.95",700.4808,40.95,2.259,4.79,5.348e-05,1.108,4962,5142,5816,3922,5803,6563,33092,33435,36567,31716,30998,31059,47471,48297,48185,34826,37333,37048
"M1493.5726T2590.17",1493.5726,43.17,6.456,87.81,7.241e-05,1.108,90,90,340,159,246,51,17456,17559,18943,13922,12661,11547,16670,17817,17418,12047,12676,11570
"M1480.0125T2464.15",1480.0125,41.07,3.61,12.21,7.442e-05,1.108,2810,4690,6533,2086,3591,2276,64449,56522,59167,50011,50159,41671,79882,81378,72486,64942,65637,64920
"M1468.0476T2543.21",1468.0476,42.39,5.185,36.37,8.354e-05,1.108,1239,3027,4310,1279,2892,1011,99129,115732,108820,86824,76423,78323,108068,108454,103032,89610,90487,77905
"M1491.0528T2529.00",1491.0528,42.15,5.84,57.29,0.0001107,1.108,581,1910,1714,701,1458,361,73571,74441,76289,61980,64981,68507,70527,78108,63074,65841,67958,61205
"M398.3770T2801.03",398.377,46.68,3.636,12.43,0.000122,1.108,626,1969,1507,898,1472,889,19037,18550,17282,20029,18833,16223,24121,20244,22700,21102,22166,22450
"M332.1883T2801.16",332.1883,46.69,5.633,49.63,0.0001257,1.108,208,611,1286,1033,404,403,38411,35825,30996,39678,36366,31001,47335,41363,43772,44073,46353,40038
"M1481.0588T2544.72",1481.0588,42.41,9.102,549.48,0.0001413,1.108,159,537,128,212,25,49,97376,90215,92538,79864,74693,73549,108126,109922,99691,92323,88299,88973
"M357.3780T1675.79",357.378,27.93,9.669,813.81,0.0001536,1.108,7,70,19,7,89,13,22505,19874,21115,18903,23387,21263,30925,31194,32298,32969,32450,36633
"M677.5214T2732.00",677.5214,45.53,7.303,157.92,0.0001574,1.108,463,463,4012,463,1421,925,209723,192234,183131,195841,178779,145224,273484,248367,253404,197692,221185,226584
"M582.5341T2721.20",582.5341,45.35,2.02,4.06,5.554e-07,1.107,17751,15905,18381,19393,15357,16805,78847,85556,85657,101586,103571,88192,78328,73167,78453,75493,80866,84984
"M190.1617T2723.40",190.1617,45.39,3.276,9.69,1.258e-06,1.107,1022,691,1083,748,488,582,7665,8120,8811,10907,10744,9701,7480,8196,8200,8384,7695,7992
"M1519.1252T2610.60",1519.1252,43.51,8.781,439.89,4.534e-06,1.107,6,13,33,40,11,6,12112,11994,12829,6710,3715,4171,10396,9238,9758,4601,5670,6107
"M781.5319T2616.47",781.5319,43.61,3.848,14.4,2.077e-05,1.107,6381,8965,7636,3086,8819,6109,173532,127114,119887,115196,98507,99940,231551,172994,178965,160359,148754,152787
"M322.3449T1577.08",322.3449,26.28,6.09,68.1,3.721e-05,1.107,837,2837,3005,3323,3546,2191,242624,195015,184410,213639,238484,191726,367206,385752,391841,691525,649339,418637
"M1450.0200T2501.69",1450.02,41.69,3.849,14.41,5.843e-05,1.107,8276,7350,13338,8896,17471,5472,196395,212266,194772,156095,150543,150105,207482,195811,181530,142136,142209,149975
"M935.7389T2821.09",935.7389,47.02,6.724,105.72,8.315e-05,1.107,932,4056,932,4555,3391,1864,247265,273619,279290,352501,334909,294692,268953,240100,269023,276863,367669,346178
"M1461.0166T2449.22",1461.0166,40.82,6.007,64.31,9.169e-05,1.107,894,2613,3301,1520,3231,627,184170,142241,163445,129226,121965,115453,312272,298375,281731,230701,233716,229944
"M1452.0205T2505.43",1452.0205,41.76,4.369,20.67,0.000119,1.107,8930,9825,11447,4696,9843,2736,222455,207353,211514,169702,171493,161802,240600,253800,219591,197425,195793,187942
"M1117.8655T2497.08",1117.8655,41.62,4.915,30.17,0.0001359,1.107,1677,6528,6956,4143,6176,2354,154055,153579,153447,171651,158051,162951,174011,174294,170213,182976,175040,178466
"M1467.0455T2517.13",1467.0455,41.95,5.994,63.72,0.0001366,1.107,1554,3712,3961,1257,4268,727,199158,192052,197764,154715,152977,154600,232856,244169,203756,182333,185424,172267
"M1485.0564T2581.06",1485.0564,43.02,10.115,1108.76,0.0001428,1.107,40,103,133,53,12,6,55834,56889,54593,50608,47106,44222,55590,55630,51800,47945,45723,44415
"M510.3554T2801.13",510.3554,46.69,4.35,20.39,0.0001547,1.107,1787,7299,2908,2459,5210,2503,90755,83645,86544,97312,87041,72889,114605,106584,106812,99713,112530,109130
"M589.5093T2507.60",589.5093,41.79,5.389,41.91,0.0001554,1.107,1579,8813,4412,4408,8739,3880,254529,235555,241228,258289,253221,243865,295428,294364,275858,312758,320441,278202
"M319.1847T2801.16",319.1847,46.69,6.75,107.6,0.0001565,1.107,184,242,408,1308,754,885,77688,66362,65599,79467,71487,59386,91797,84502,89031,83215,88849,89834
"M776.5668T2612.38",776.5668,43.54,4.328,20.08,3.131e-07,1.106,6523,13769,8941,10288,7674,6367,402044,246530,220205,196013,164655,174144,665841,445362,445230,359469,354475,373260
"M1532.0794T2581.88",1532.0794,43.03,8.251,304.69,1.033e-06,1.106,50,31,89,16,38,16,17695,18243,13016,5476,15724,13195,9687,10307,15532,7840,12168,4896
"M743.4725T2448.99",743.4725,40.82,3.444,10.88,1.844e-06,1.106,9327,11263,17590,9084,14091,8279,145132,137018,143788,178820,165098,178592,266612,282009,273759,307919,280448,244033
"M588.5010T2619.36",588.501,43.66,1.531,2.89,2.632e-06,1.106,7304,7692,8509,9970,7237,5979,28614,32665,34546,26886,24315,26362,33461,35482,33378,25295,27692,30369
"M216.1709T2800.17",216.1709,46.67,3.643,12.49,3.971e-05,1.106,281,344,347,427,218,616,4812,5623,5733,6794,6397,5043,8626,6831,6552,7937,8677,8983
"M936.7445T2824.53",936.7445,47.08,4.254,19.08,4.629e-05,1.106,6957,4078,6496,15009,8195,6435,159099,166357,171391,203534,202265,174898,170084,140517,172413,159072,207045,215045
"M1132.8845T2534.83",1132.8845,42.25,4.288,19.53,4.88e-05,1.106,462,1189,1659,713,1100,1126,22074,22508,22147,29267,24502,26315,21811,22948,22017,29090,26075,25440
"M1540.0309T2458.52",1540.0309,40.98,4.691,25.83,5.661e-05,1.106,787,358,812,389,1215,792,27643,24977,26130,19835,19630,16846,24869,23325,20488,17336,18093,19738
"M1504.1071T2608.31",1504.1071,43.47,10.307,1266.6,5.899e-05,1.106,23,93,93,55,11,6,66969,65744,68852,37894,36346,30807,69700,60706,60438,30481,33440,38572
"M1480.0808T2593.71",1480.0808,43.23,8.824,453.05,8.817e-05,1.106,39,128,253,68,153,14,57511,55770,57955,37150,29756,36288,58562,76422,55041,33310,40160,51365
"M1470.0164T2473.04",1470.0164,41.22,5.085,33.95,0.0001023,1.106,4638,5778,1983,2558,7808,1623,200297,173838,172617,129621,131048,119818,225101,227231,204108,177593,184169,186651
"M783.5372T2633.68",783.5372,43.89,4.532,23.13,0.0001222,1.106,2791,3960,2956,996,4433,1992,96371,79547,79067,73590,67439,67849,115198,94547,96602,72072,76821,73788
"M1174.9050T2452.54",1174.905,40.88,7.539,186.02,0.0001428,1.106,60,162,63,367,52,26,24127,22357,22945,17481,16888,16125,31315,28053,29630,17943,19461,19505
"M612.5463T2693.11",612.5463,44.89,1.444,2.72,5.571e-05,1.105,32084,29892,27553,41188,30016,33531,114458,133320,120247,110182,105535,96791,127656,119851,115908,123305,121410,119206
"M502.2862T1938.27",502.2862,32.3,6.56,94.33,7.948e-05,1.105,2834,3613,8150,945,5791,1891,422199,475068,389886,477405,316969,238551,374203,362248,361004,343809,353702,366201
"M1453.0827T2596.32",1453.0827,43.27,10.057,1065.23,8.083e-05,1.105,11,57,76,98,13,187,90284,89070,91668,48005,49100,44921,98005,94314,81256,42058,49186,59873
"M1502.0994T2603.80",1502.0994,43.4,10.855,1852.03,0.0001053,1.105,147,43,52,6,12,6,75600,68440,72422,42287,42425,39826,73592,74079,66313,37806,36894,44679
"M323.3486T1577.01",323.3486,26.28,7.522,183.86,0.000119,1.105,157,500,799,71,141,191,61474,48378,45467,54814,56908,50593,95814,95983,96230,178000,162524,100404
"M1512.0449T2468.65",1512.0449,41.14,6.335,80.71,0.000154,1.105,1870,2184,2656,318,2385,1163,183343,163413,186113,131953,135649,123046,294983,299460,290881,209035,206584,218000
"M375.2426T2800.93",375.2426,46.68,4.146,17.7,0.0001637,1.105,689,940,1106,711,2667,1047,26001,22086,23787,27308,24825,21908,32300,29121,28855,28369,31972,30284
"M1424.0441T2553.65",1424.0441,42.56,8.84,458.1,0.0001647,1.105,526,1450,1870,187,2812,279,566546,508913,524587,416124,391891,363851,559455,560771,500840,422023,432176,425816
"M695.5257T2801.16",695.5257,46.69,3.314,9.94,0.000169,1.105,12592,14978,11852,5117,15832,11130,152972,144675,140569,162402,140962,126887,192965,174764,183167,165746,188397,178558
"M1434.0390T2550.23",1434.039,42.5,10.817,1803.42,0.0001815,1.105,648,1835,2474,173,1657,92,1772367,1630243,1693403,1431036,1374264,1288816,1931807,1878026,1659903,1492571,1476065,1419902
"M1494.0683T2553.00",1494.0683,42.55,11.028,2088.68,0.0001964,1.105,15,42,266,7,7,13,67157,59917,64129,55271,49496,50740,71310,69280,66010,64778,60789,59436
"M705.5197T2535.13",705.5197,42.25,5.007,32.16,0.0001969,1.105,47767,130901,225967,51516,119052,50657,3748015,3717910,3618732,3753153,3456791,3446562,3922052,4000305,3782015,3808978,3702549,3593360
"M175.1429T2724.51",175.1429,45.41,2.693,6.47,1.438e-08,1.104,2630,3055,2683,3094,3128,2566,22327,22576,21797,27424,25018,24108,20384,19562,17582,14276,20712,21057
"M971.7662T2755.75",971.7662,45.93,1.861,3.63,1.322e-07,1.104,12392,14820,13380,15129,12213,11732,73057,68964,71250,57964,53932,50688,63096,57512,61302,46160,44846,47761
"M1332.0313T2614.24",1332.0313,43.57,4.535,23.18,2.18e-06,1.104,333,249,356,116,238,151,8185,8578,10829,5313,5323,4121,8290,8712,8150,4702,5091,6159
"M503.2915T1938.59",503.2915,32.31,3.516,11.44,3.145e-06,1.104,5725,6167,7412,8325,12173,9042,130073,143283,119072,156982,96764,73922,105623,104501,97294,98405,95107,101865
"M1458.0167T2481.92",1458.0167,41.37,3.198,9.18,6.613e-06,1.104,4553,6940,7907,4589,7079,3125,82777,81939,75275,54474,54542,46280,68660,69805,64320,54281,53128,51359
"M1493.1050T2609.27",1493.105,43.49,9.465,706.85,2.027e-05,1.104,11,52,68,44,6,27,34527,36223,34234,15918,16051,13706,33666,33113,26313,8178,16429,25668
"M982.7646T2787.16",982.7646,46.45,3.667,12.7,5.661e-05,1.104,2046,3631,3963,2255,5337,2930,59544,59979,58263,50313,46208,41869,53514,45377,47453,37778,42623,40695
"M546.4395T2427.83",546.4395,40.46,2.974,7.86,7.247e-05,1.104,8268,6531,8772,13478,8397,12983,91998,94806,95534,101628,89770,99793,150629,152435,149432,126886,145605,141682
"M579.5215T2561.52",579.5215,42.69,2.429,5.38,0.0001639,1.104,9383,10398,11382,15063,11713,5462,74175,69542,70370,70848,69343,67877,81519,80816,77414,84009,86045,79938
"M190.1631T2799.96",190.1631,46.67,3.623,12.32,0.0001769,1.104,626,741,332,828,630,1201,11385,9942,10514,11393,10666,10859,13498,12268,12251,12053,13091,12986
"M251.1227T2801.16",251.1227,46.69,4.785,27.57,0.0001792,1.104,3282,10210,2264,3130,8127,2952,162662,146367,138580,176684,156060,127554,197618,176403,184139,177729,202113,194942
"M646.4790T2801.03",646.479,46.68,4.501,22.65,0.0001803,1.104,2376,11023,3974,4648,9201,4607,167836,150502,145733,181836,149252,128547,211844,186803,202344,178547,205455,197953
"M645.4756T2801.06",645.4756,46.68,4.757,27.04,0.000191,1.104,4111,20787,6669,7991,16979,7859,351847,322599,305052,377027,322812,261739,441656,393354,417990,371895,425109,404112
"M271.2355T2800.76",271.2355,46.68,3.369,10.33,0.0001969,1.104,2666,7413,7517,8862,5332,6459,84177,77862,78691,88772,80010,69872,101290,93322,98438,86206,102511,96795
"M592.5274T2548.49",592.5274,42.47,3.442,10.87,0.0002024,1.104,2869,5302,4030,9964,5488,3296,70314,64239,66121,69109,64767,63232,77194,80285,72470,84498,80955,72509
"M704.5168T2535.13",704.5168,42.25,5.081,33.86,0.0002039,1.104,109258,293213,509413,109464,268740,108079,8887354,8610499,8523492,8555340,8258722,7870361,9227791,9099040,8610847,8857388,8808930,8311257
"M736.5141T2481.69",736.5141,41.36,3.788,13.82,0.0002115,1.104,26047,23366,53160,13825,27143,12389,420211,407054,424836,412519,410867,394265,552419,567924,537987,548590,546954,530256
"M1506.1227T2613.30",1506.1227,43.56,8.563,378.08,2.686e-06,1.103,29,15,15,40,74,15,23966,23361,22274,3014,9152,10546,21235,21180,18401,7549,10018,14749
"M1521.0314T2467.54",1521.0314,41.13,2.534,5.79,1.135e-05,1.103,1520,1700,1008,1645,1512,826,12472,7933,11382,10030,9200,9025,14460,13837,12477,9580,9959,10885
"M462.4090T2800.34",462.409,46.67,2.093,4.27,1.743e-05,1.103,2466,1924,1471,1775,2490,1917,12222,10494,10073,12667,11554,8737,13839,11789,12854,10920,14401,11770
"M1526.0840T2610.27",1526.084,43.5,9.216,594.56,2.198e-05,1.103,6,6,11,24,61,6,13342,14533,13410,8396,3626,7042,12013,11205,11303,5089,6318,7769
"M718.6544T2842.43",718.6544,47.37,2.842,7.17,4.648e-05,1.103,24237,12188,18970,19823,11623,17809,153691,152289,151315,175125,155741,150104,138002,120627,131023,123184,142764,138465
"M299.7325T2055.00",299.7325,34.25,3.101,8.58,5.724e-05,1.103,339,208,569,298,272,249,3981,3279,3288,3527,3156,3138,5569,4724,3756,5251,5850,5281
"M1425.0461T2554.25",1425.0461,42.57,6.933,122.21,0.0001477,1.103,508,2192,1859,451,3074,508,201763,204568,201360,149378,140995,128768,186144,193474,168608,139926,144423,142233
"M800.6389T2803.44",800.6389,46.72,5.59,48.18,0.0001858,1.103,1155,987,241,482,195,732,30624,30991,28156,37453,33159,33065,37738,33358,36037,38568,42449,39592
"M189.1593T2800.03",189.1593,46.67,4.27,19.3,0.0001913,1.103,1087,4975,2766,3251,4237,1803,73462,62831,62735,75888,70115,57756,86489,73983,77051,71848,75945,79351
"M395.3588T2800.33",395.3588,46.67,4.09,17.03,0.0002018,1.103,1689,6816,4365,5381,6909,3346,99621,94246,90141,112698,91577,81007,122607,109469,115201,113251,119729,115934
"M1496.0661T2576.38",1496.0661,42.94,9.568,758.8,0.0002206,1.103,27,378,105,12,21,33,50267,47800,46828,43764,40472,40066,49821,52173,46326,44472,44817,42127
"M1437.0058T2487.86",1437.0058,41.46,5.769,54.52,0.0002319,1.103,8231,2539,3088,5201,3184,746,245221,210058,223251,215901,191998,203875,340920,332154,298219,251379,271253,278834
"M510.2489T1879.26",510.2489,31.32,4.499,22.61,3.032e-06,1.102,3258,3887,5251,1463,3828,3158,126121,105967,112847,88084,116036,47240,85295,94346,83785,63945,76061,88830
"M633.5435T2594.22",633.5435,43.24,2.693,6.47,3.769e-05,1.102,6067,5778,6647,10482,8472,8211,57675,69437,59622,72582,59972,55512,81221,53224,54711,56168,48544,47058
"M176.1490T2799.99",176.149,46.67,2.166,4.49,4.963e-05,1.102,725,1101,1045,1138,1246,1305,7068,6069,5845,7396,5853,5393,8282,7785,7672,7026,6424,8375
"M769.4907T2469.54",769.4907,41.16,3.645,12.51,5.235e-05,1.102,4545,7231,11686,4417,11230,6561,107094,100144,101423,134859,118454,127870,167311,166147,172202,198270,178903,162754
"M1244.9471T2445.85",1244.9471,40.76,5.106,34.43,0.0001114,1.102,114,370,300,141,452,496,15520,14071,14915,9477,11060,9054,22659,19987,19764,12878,13496,15036
"M276.1683T593.34",276.1683,9.89,1.306,2.47,0.0001428,1.102,60380,67098,68299,83427,85658,63875,233570,227676,249341,224893,225106,199358,225726,230280,225901,225860,224643,217598
"M1439.0603T2564.03",1439.0603,42.73,9.696,829.62,0.0001791,1.102,288,312,367,242,35,18,175424,177019,173896,116426,114972,102425,177458,167690,164462,120235,123104,126099
"M357.3698T1572.59",357.3698,26.21,8.285,311.94,0.0001976,1.102,33,9,17,27,58,183,13771,10413,11993,13686,16308,15397,24661,27836,26289,26672,25559,27248
"M1267.9196T2442.75",1267.9196,40.71,4.533,23.16,0.0001977,1.102,92,289,217,381,466,178,7305,7848,8897,6639,6080,6306,11998,10579,11730,8207,8923,8364
"M692.5020T2496.58",692.502,41.61,3.079,8.45,0.000208,1.102,55217,68083,69644,76041,155775,95755,873117,851964,914373,949496,869523,893157,1085906,1091953,1054712,1003492,1033612,1074806
"M1170.9061T2584.76",1170.9061,43.08,6.554,93.95,0.0002234,1.102,551,402,844,138,505,84,41195,43251,41913,40516,35135,32859,39834,38972,40625,37806,36105,36207
"M373.2300T2801.06",373.23,46.68,4.964,31.22,0.0002405,1.102,2592,8516,3340,1296,6331,2950,152341,141762,131524,156100,142804,121100,191224,163791,173487,161929,182183,179503
"M1447.0416T2548.69",1447.0416,42.48,8.811,449.13,0.0002412,1.102,515,1266,2046,282,1403,80,394431,312605,336713,363971,329332,323156,424044,408922,363830,376400,385181,378968
"M603.5234T2585.74",603.5234,43.1,4.766,27.22,0.0002487,1.102,1453,4806,5988,7707,7553,5084,182667,171870,185608,162569,165408,148907,190585,199156,195128,170172,169956,160671
"M610.5492T2799.10",610.5492,46.65,2.445,5.44,5.494e-07,1.101,3587,4403,3652,5710,3982,3591,26292,25707,26106,34146,31422,30080,24631,21969,23037,24253,26119,26304
"M563.5255T2723.72",563.5255,45.4,1.895,3.72,1.134e-06,1.101,53815,53420,51344,62389,59801,61928,238976,244192,261825,322700,304601,278505,250820,229439,243869,248144,265515,263818
"M410.3765T2727.86",410.3765,45.46,3.764,13.59,1.084e-05,1.101,1015,922,1038,539,1201,453,12472,12907,12545,15573,17491,15125,12429,10605,12133,11435,11324,10252
"M355.3623T1625.77",355.3623,27.1,9.765,870.02,4.891e-05,1.101,164,829,87,44,475,44,125657,95639,100358,262293,301622,225666,189347,263732,158452,217964,232255,266765
"M950.7665T2841.92",950.7665,47.37,2.983,7.91,7.537e-05,1.101,2294,1458,1941,2345,1835,3292,20363,22573,24157,21968,23084,18527,19531,16153,20547,16597,20927,20532
"M662.4693T2428.29",662.4693,40.47,2.226,4.68,0.0001307,1.101,84113,104861,125027,66540,103214,51172,580379,564797,581067,477046,475543,435688,687915,679510,648566,538072,545902,578776
"M438.3974T2459.29",438.3974,40.99,1.992,3.98,0.0001352,1.101,4617,5711,5844,9024,5035,6738,31303,29432,31105,33981,31569,28188,32167,35521,32510,28320,27512,30300
"M1587.1404T2582.57",1587.1404,43.04,9.13,560.09,0.0001354,1.101,25,67,6,6,11,52,15828,17367,14861,10876,10735,8798,14722,14509,13062,8855,7787,9015
"M321.0390T1287.83",321.039,21.46,8.232,300.67,0.0002187,1.101,61,399,258,30,30,30,29329,29272,34783,26943,21569,35047,50570,69829,52921,58219,38113,36648
"M385.2311T2800.87",385.2311,46.68,7.643,199.86,0.0002242,1.101,348,40,79,269,270,40,34789,30902,29251,34641,29363,29156,44030,38168,38696,17684,42166,44977
"M737.5157T2481.69",737.5157,41.36,3.06,8.34,0.000225,1.101,11525,10013,17549,5319,11700,6118,109409,98807,103620,104570,102902,99671,136845,143546,131781,141856,140454,128461
"M1464.0461T2518.43",1464.0461,41.97,5.71,52.36,0.0002305,1.101,1395,2296,3379,449,2841,817,115682,113828,108491,93370,86276,93707,129132,130673,99741,94226,106123,96514
"M880.7813T2473.94",880.7813,41.23,5.526,46.07,0.0002335,1.101,612,1836,1223,3823,612,612,67581,66913,65872,73231,63548,62930,81087,71446,76120,63919,56447,60427
"M1452.9905T2447.52",1452.9905,40.79,5.357,40.97,0.0002586,1.101,5840,5685,8453,2949,9640,1181,293007,254685,266990,230860,220723,203635,394356,390821,348475,305088,292603,318009
"M1346.0508T2616.13",1346.0508,43.6,4.67,25.47,4.891e-07,1.1,377,557,249,373,439,352,15981,18919,18210,10168,9117,7481,14752,14174,15153,6436,6629,8379
"M494.4655T2623.12",494.4655,43.72,2.283,4.87,2.487e-06,1.1,21931,25479,25990,22038,31248,17176,133980,141000,144380,173689,154344,144985,126653,112599,117142,127842,130220,128757
"M771.5905T2803.08",771.5905,46.72,1.76,3.39,1.244e-05,1.1,7409,12544,11162,8478,10080,7638,42076,38320,36784,48419,42975,38407,43604,41859,46270,45389,49153,49450
"M501.4226T1189.44",501.4226,19.82,7.967,250.17,0.0001769,1.1,32,76,312,63,235,379,36927,36111,34729,44680,52143,44471,40291,34938,34808,45733,51114,60797
"M1118.8687T2496.10",1118.8687,41.6,2.837,7.14,0.0001803,1.1,4009,8616,6846,7669,11338,4880,63530,60305,59400,73159,63894,58159,70942,67024,66306,72637,70369,63549
"M150.1324T2799.96",150.1324,46.67,2.797,6.95,0.0002149,1.1,726,1767,1281,1530,1260,627,10155,9905,10245,9784,11056,9334,13372,11107,12146,11554,12681,12544
"M1573.0453T2454.28",1573.0453,40.9,8.073,269.38,0.0002286,1.1,139,69,69,69,601,555,66882,60808,70392,46805,45705,44782,66266,67287,59743,50505,48097,61393
"M910.7229T2812.98",910.7229,46.88,7.734,212.93,0.0002498,1.1,169,84,84,1155,84,300,44939,46172,48440,54466,54065,51515,52194,49688,53533,50814,56896,64367
"M410.3752T2800.58",410.3752,46.68,3.916,15.1,0.0002743,1.1,510,1919,1723,2188,1411,804,25569,24931,23364,27927,24932,22147,31827,29719,29236,26267,30882,28491
"M604.5271T2585.74",604.5271,43.1,4.318,19.95,0.000278,1.1,1063,3299,2817,5773,4314,2126,76156,76503,82094,71070,71863,62535,84690,86638,83053,70583,74343,69350
"M206.1935T2800.96",206.1935,46.68,3.051,8.29,0.0002929,1.1,1899,2103,976,1168,2613,929,16006,16450,15838,17138,15450,15062,19139,18310,19613,18332,19360,18396
"M498.4453T2410.40",498.4453,40.17,2.99,7.94,1.254e-05,1.099,1787,1605,1419,2826,2274,2350,23001,25169,24874,19742,17415,14488,23742,20374,20658,16076,13597,16507
"M516.3019T1798.03",516.3019,29.97,1.802,3.49,1.657e-05,1.099,14364,11805,16090,12622,15422,8201,65343,58144,63693,61510,60083,40620,65000,60372,53870,60384,58056,59883
"M1424.0103T2491.65",1424.0103,41.53,4.208,18.48,5.661e-05,1.099,14331,14037,17654,7640,16687,4762,316284,319714,343226,235066,237966,204924,268891,280511,265843,185493,183187,200148
"M951.7617T2821.84",951.7617,47.03,5.957,62.12,0.000211,1.099,1067,1081,720,5412,3232,1461,117716,127364,129603,156325,143771,129579,119011,108973,120431,118515,150717,147825
"M508.4635T2562.02",508.4635,42.7,5.285,39,0.0002158,1.099,562,2793,1296,3944,1522,1123,84124,91720,78159,79944,70611,65732,83459,70106,79709,64134,58985,59466
"M1408.0254T2533.14",1408.0254,42.22,6.747,107.42,0.0002322,1.099,20509,53914,47681,9934,42789,5083,3608368,3650667,3547508,2728865,2637836,2414458,3563575,3610488,3326138,2728989,2679902,2595926
"M1442.5416T2559.39",1442.5416,42.66,5.973,62.83,0.0002347,1.099,108,690,665,195,689,199,29124,32269,31197,26103,22195,22206,30096,31315,33182,24543,21219,26425
"M333.1984T2801.16",333.1984,46.69,3.608,12.2,0.0002786,1.099,1209,5011,3041,1837,3803,2562,41220,41724,38828,46911,42897,37460,53792,50651,50666,47838,51487,53662
"M1129.8653T2487.21",1129.8653,41.45,2.49,5.62,0.0002234,1.098,1413,3005,2339,2802,1776,1255,13906,15594,15171,14998,13878,13216,15212,12022,15562,12746,12275,13237
"M1477.0448T2515.13",1477.0448,41.92,5.911,60.16,0.0002963,1.098,900,2191,5945,822,3394,723,153535,143067,141926,121244,113474,121322,164172,165291,151006,130911,134799,130853
"M1470.0434T2564.35",1470.0434,42.74,7.567,189.69,0.0003261,1.098,195,857,527,46,681,190,72588,71448,70434,72736,67816,62979,75869,77745,73749,73220,69566,69184
"M719.6610T2842.28",719.661,47.37,1.917,3.78,4.462e-05,1.097,7939,5934,6813,8502,4491,6533,30436,31478,31393,35300,32831,30924,28694,28883,28556,24567,29697,28977
"M790.5376T2627.50",790.5376,43.79,2.651,6.28,0.0001189,1.097,2771,6809,6650,4015,6234,4530,48094,45354,43256,39812,31576,34119,44002,43197,41023,39088,36681,33752
"M189.1586T2723.37",189.1586,45.39,4.975,31.44,0.0001512,1.097,664,3510,1124,2290,785,1508,53397,51686,51764,61181,62109,58684,48790,42882,46146,43875,45978,48211
"M339.3700T1578.67",339.37,26.31,5.921,60.59,0.0001942,1.097,8598,63129,64416,23777,42892,17197,2724305,2100313,2054657,2303372,2595140,2003720,4100866,4241578,4240283,6918814,6798216,4554166
"M1521.0938T2579.79",1521.0938,43,9.317,637.66,0.0002733,1.097,26,6,211,12,32,100,32220,34595,34123,22463,20510,22634,32482,33510,30105,23308,23575,24088
"M292.2974T1706.95",292.2974,28.45,9.674,816.72,0.0002756,1.097,120,3408,1202,120,120,241,469080,457297,480787,280504,296615,275006,543510,562028,550642,352466,348948,369037
"M704.4736T2374.14",704.4736,39.57,5.07,33.58,0.0002834,1.097,2896,9652,13261,11775,2446,7379,304079,301667,316920,264258,276584,246693,607936,611847,554507,566452,569625,607525
"M604.5270T2533.66",604.527,42.23,3.957,15.53,0.0002846,1.097,1110,5419,3396,3861,4803,2992,63443,61911,61049,67569,68363,66620,69679,75515,68275,79700,81243,70448
"M231.2048T2800.78",231.2048,46.68,3.834,14.26,0.0003036,1.097,2141,6030,4115,8093,7931,7820,110382,96085,94545,114609,102591,88383,129326,114223,121726,110712,120882,126842
"M1406.0150T2514.46",1406.015,41.91,5.384,41.77,0.0003213,1.097,44504,74237,68261,18887,66429,9748,2421440,2145156,2196890,1910911,1794788,1737087,2744244,2659305,2400974,2103131,2086631,2071164
"M1409.9767T2451.92",1409.9767,40.87,5.118,34.74,0.0003633,1.097,6363,4824,21817,5663,7094,1711,300203,285206,295726,265425,231125,241630,439344,437567,412781,305945,316662,349419
"M192.1759T2726.01",192.1759,45.43,2.199,4.59,1.092e-06,1.096,1825,2494,3146,2380,2271,2297,13439,12730,13715,15254,16103,13414,12223,9737,11851,11039,11657,12918
"M1335.0600T2618.89",1335.06,43.65,4.278,19.4,1.961e-06,1.096,346,557,479,212,314,498,13709,13651,14014,7272,6323,6280,11358,11238,10492,5599,5688,8216
"M818.7604T2977.89",818.7604,49.63,2.286,4.88,4.826e-06,1.096,6360,9804,7648,9757,10691,8265,50260,50210,48856,62952,62620,52745,46003,46871,44025,52681,65090,56462
"M1535.0896T2577.99",1535.0896,42.97,8.908,480.31,5.819e-05,1.096,37,95,56,14,12,6,13545,14991,10713,21763,21420,11305,16951,16642,8195,6453,6234,7211
"M592.5262T2597.10",592.5262,43.28,2.998,7.99,0.0002444,1.096,4017,4006,6776,12396,6698,4605,69469,68785,67486,56900,57600,47660,74224,71230,72531,61427,57087,55407
"M1499.0713T2592.25",1499.0713,43.2,8.972,502.1,0.0002783,1.096,237,13,16,148,181,67,54094,53697,51477,38574,36168,31845,50806,49631,49721,35047,35072,35534
"M285.2512T2800.33",285.2512,46.67,4.227,18.72,0.000345,1.096,1322,6365,4450,5479,1587,2854,78928,75458,69796,84488,79545,66487,96638,82436,89933,80702,94433,97436
"M730.5346T2556.00",730.5346,42.6,6.936,122.46,0.0003529,1.096,14367,119893,201729,27008,98954,29655,8831511,8957055,8683356,8921282,8535066,8240175,9095837,8956121,8555864,8496311,8508944,8034384
"M1458.0350T2562.91",1458.035,42.72,6.97,125.36,0.0003544,1.096,462,500,548,294,679,38,52866,55935,54162,50690,47004,45407,52833,53876,49349,51928,48334,48226
"M481.3221T2801.06",481.3221,46.68,4.361,20.54,0.000355,1.096,1687,5028,2916,1067,6047,2274,79232,69599,66635,80775,70998,60063,96543,81853,88603,80934,92757,87713
"M1446.0380T2548.18",1446.038,42.47,8.576,381.75,0.0003557,1.096,310,2510,2848,190,2006,220,418198,346816,365967,392234,367370,348770,442300,448924,384224,407126,414495,402654
"M591.5234T2548.69",591.5234,42.48,4.172,18.03,0.0003637,1.096,2441,10659,6314,13899,9877,5855,167295,163514,164492,168342,171953,161419,192225,195914,182728,200968,210089,179625
"M1439.0189T2507.13",1439.0189,41.79,5.394,42.04,0.0003757,1.096,6390,10008,15315,3538,6797,1269,352973,326574,329739,290766,269630,257069,393116,399615,346972,334026,322421,324798
"M1455.0040T2447.29",1455.004,40.79,5.362,41.14,0.000384,1.096,2190,2878,7149,1769,5791,673,165940,140375,149077,135452,121956,121775,242528,228726,209503,185569,181037,198251
"M1334.0524T2618.02",1334.0524,43.63,4.919,30.25,7.728e-06,1.095,189,510,346,452,491,155,16452,18265,16321,8716,10609,9016,13838,14093,13324,6415,6725,9622
"M436.2832T1901.57",436.2832,31.69,2.876,7.34,3.165e-05,1.095,12883,8974,10326,18228,11544,13653,105823,119528,112919,130112,121479,110204,205205,214649,202213,237834,219423,220074
"M659.5110T2176.90",659.511,36.28,1.667,3.18,5.838e-05,1.095,18644,19754,17016,25473,25871,22084,75275,96265,87902,101936,83703,79763,88619,79559,84602,83693,80029,79795
"M1518.1030T2608.59",1518.103,43.48,7.545,186.7,6.108e-05,1.095,28,28,312,87,116,56,23192,25979,25207,12859,13919,10020,21032,20277,21507,8784,9495,11618
"M1523.0837T2581.34",1523.0837,43.02,8.044,263.95,0.0001366,1.095,11,39,79,13,184,68,18526,19681,20940,15010,7038,10877,20556,18575,17758,11647,10279,11985
"M1161.9164T2482.06",1161.9164,41.37,4.219,18.62,0.0001514,1.095,481,565,809,205,1024,573,13048,14417,14325,14061,9501,14218,12075,11710,11211,10908,11004,10911
"M1428.9820T2447.91",1428.982,40.8,2.961,7.79,0.0002166,1.095,4869,5637,9388,6325,10447,2961,76849,62568,68905,59290,52921,50228,96682,94510,82683,73850,74690,77493
"M1407.0163T2514.16",1407.0163,41.9,5.247,37.98,0.0003818,1.095,41559,71841,65033,16784,62984,9259,2041610,1849829,1890452,1613194,1562027,1471291,2331045,2300565,2061568,1760642,1758410,1817438
"M264.1252T2801.16",264.1252,46.69,5.054,33.22,0.0003983,1.095,380,2114,398,805,2138,751,38854,37757,33682,40151,39681,32745,47553,41648,45939,44155,48175,47418
"M516.1787T1255.98",516.1787,20.93,5.553,46.94,1.34e-06,1.094,39,77,39,39,39,39,2596,3760,3755,3127,2744,1038,8240,10779,9357,10512,11887,10538
"M1601.0709T2470.11",1601.0709,41.17,3.674,12.76,4.263e-05,1.094,1466,2643,2990,1806,2621,753,39925,38812,41026,24090,26108,20712,33631,34493,31014,24714,24882,27623
"M1501.0741T2602.08",1501.0741,43.37,8.08,270.61,0.0002039,1.094,23,78,16,75,56,295,26388,24825,23046,17432,16454,15176,20138,22369,20928,13965,9507,11928
"M1466.0901T2593.25",1466.0901,43.22,10.636,1591.09,0.0002988,1.094,6,68,163,267,156,11,148021,152116,149436,82422,83812,90747,160742,160561,140240,85421,98475,107772
"M848.6186T2468.99",848.6186,41.15,2.636,6.21,0.0003267,1.094,1911,3874,4187,1499,2898,2316,22796,21513,22726,19888,19865,18928,34220,32870,32351,27503,27718,24966
"M879.5670T2475.83",879.567,41.26,4.625,24.67,0.0003633,1.094,5563,8918,8721,3070,10397,1618,191272,170994,185546,165766,161225,144256,171944,171491,153426,168399,158962,175135
"M1438.0583T2563.31",1438.0583,42.72,11.799,3562.13,0.000375,1.094,12,569,819,13,63,122,509702,512244,513055,363011,352165,311472,537909,516824,500909,371757,377451,381440
"M1453.0292T2526.25",1453.0292,42.1,5.242,37.84,0.0004107,1.094,3747,7133,8231,1099,6334,1548,212913,188462,190378,174887,157258,153704,237622,225296,210390,199846,192975,182846
"M1527.0656T2609.90",1527.0656,43.5,7.397,168.53,3.549e-05,1.093,59,32,16,167,16,16,10587,11739,11055,7129,3015,4750,9812,7303,7993,3947,4943,5404
"M1498.0261T2466.64",1498.0261,41.11,2.31,4.96,5.265e-05,1.093,2712,2979,2976,1838,2277,1197,17731,16418,15748,12258,13282,11139,21960,21289,22697,16663,17920,19552
"M961.5997T1938.76",961.5997,32.31,4.502,22.65,9.409e-05,1.093,479,967,389,132,482,265,12001,14264,10904,17540,6950,8370,12371,12623,11154,12583,12801,13380
"M1556.0610T2495.38",1556.061,41.59,6.014,64.61,0.0002313,1.093,603,944,1579,441,1240,123,70556,60301,66207,45496,42514,37473,62139,57524,52270,41128,41300,45906
"M464.4248T2800.87",464.4248,46.68,2.288,4.88,0.000249,1.093,1995,4196,3716,4952,4326,4256,25376,23018,21297,26914,24761,21555,29305,26921,26742,25518,27977,26278
"M1157.8960T2556.34",1157.896,42.61,5.539,46.49,0.0003275,1.093,146,771,746,705,1059,1423,38165,37627,36455,47914,41213,40384,39060,37241,37397,43797,41090,41373
"M1510.0729T2586.76",1510.0729,43.11,10.474,1422.49,0.0003761,1.093,118,7,279,14,7,7,51910,51211,50171,40561,33894,33106,48197,47248,47326,36446,36319,34882
"M1496.0216T2468.65",1496.0216,41.14,5.74,53.46,0.0004163,1.093,911,1597,2187,1195,2031,165,83770,76802,87238,61688,68164,58440,129058,134186,120917,92578,96398,95184
"M881.7851T2473.95",881.7851,41.23,5.504,45.4,0.0004177,1.093,744,427,447,232,1459,1957,40938,38850,39028,44677,35627,38618,49053,42108,46753,40762,38609,36206
"M263.1223T2801.06",263.1223,46.68,5.416,42.7,0.0004327,1.093,1187,10894,2260,4951,8938,2839,234536,209175,198546,248970,223904,190058,289505,255421,264272,251511,284519,285044
"M374.2336T2801.16",374.2336,46.69,6.116,69.36,0.000464,1.093,397,562,1119,64,680,486,39913,37506,34482,43223,38262,32025,49859,44614,48083,44425,50071,46585
"M178.1592T2727.28",178.1592,45.45,2.156,4.46,7.22e-06,1.092,2366,1688,2235,1730,1479,1125,8410,9736,9623,11590,9994,10224,7842,8698,7673,7869,8258,8857
"M700.1964T1808.14",700.1964,30.14,3.705,13.04,5.703e-05,1.092,310,1048,735,1212,758,929,18588,14010,17232,9396,11307,9723,23264,24175,23457,20820,19736,23202
"M803.5675T2597.28",803.5675,43.29,6.308,79.24,9.269e-05,1.092,93,93,416,531,93,186,21740,25167,22283,17851,11137,15718,13970,14466,16115,17479,9335,9497
"M940.7185T2751.93",940.7185,45.87,3.523,11.5,9.798e-05,1.092,10633,13054,9632,3971,9619,5339,135840,140031,140134,112115,104684,93371,118317,104745,114167,76456,82452,81475
"M1522.0918T2580.25",1522.0918,43,8.67,407.29,0.0002929,1.092,78,158,6,32,135,12,26720,25193,29493,19939,11847,17393,25187,25409,25039,18686,17624,19575
"M252.1261T2801.62",252.1261,46.69,4.322,20.01,0.0004386,1.092,1062,1901,299,668,1595,1156,25241,24565,22631,29581,24628,21652,33143,28522,29952,28259,30776,30472
"M759.5182T2469.00",759.5182,41.15,4.254,19.08,0.0004891,1.092,3938,4111,5696,825,4783,3231,77614,77543,84117,80649,81655,78996,113548,110622,107888,102393,103136,100478
"M509.3525T2801.06",509.3525,46.68,5.764,54.32,0.000496,1.092,1035,14045,1885,4088,5987,1892,246416,225721,220326,263104,236422,198493,312077,289550,295321,266021,306526,313210
"M1435.4714T2825.61",1435.4714,47.09,6.6,97.02,1.063e-05,1.091,32,108,64,211,66,194,17170,16573,16608,13480,3477,10569,18271,16080,15600,10196,5282,8464
"M502.4255T1193.33",502.4255,19.89,7.442,173.89,5.852e-05,1.091,25,227,25,25,50,136,5374,13923,9571,15316,17287,16550,9255,7388,10625,16580,16739,20620
"M674.4640T2423.03",674.464,40.38,1.528,2.88,0.0003651,1.091,12316,22031,23313,17537,12826,15776,65424,69099,69377,60938,56590,55476,74311,73201,75200,58406,61308,63031
"M1382.0125T2500.98",1382.0125,41.68,6.565,94.69,0.0004468,1.091,11492,24149,29355,3989,25557,2162,1567583,1573289,1556561,1208742,1174414,1102489,1766271,1794009,1692903,1269710,1280486,1396366
"M603.4300T2801.16",603.43,46.69,7.259,153.18,0.0005038,1.091,378,7894,756,378,378,378,155751,141396,130658,158595,134427,118937,191175,169978,176590,158948,186432,176324
"M617.4456T2801.06",617.4456,46.68,8.02,259.6,0.0005258,1.091,1001,196,927,97,49,49,66532,61206,60035,68307,63016,55962,82824,77875,79709,72401,83265,80978
"M726.5383T2616.88",726.5383,43.61,7.762,217.06,0.0005338,1.091,151,522,982,151,4276,302,148683,138387,127347,167134,139517,119954,210310,176013,189084,207322,198862,203635
"M1515.0440T2468.52",1515.044,41.14,2.539,5.81,7.273e-05,1.09,1252,2511,2736,1627,2010,964,14945,17122,15211,10423,9856,12105,18979,20024,18600,15406,14722,15899
"M524.2683T1942.18",524.2683,32.37,3.991,15.9,7.388e-05,1.09,3663,6539,9034,1832,7453,3812,131212,127350,107999,116901,80188,49996,150652,136897,136749,92773,117612,150230
"M1160.9086T2595.05",1160.9086,43.25,6.693,103.48,0.0004476,1.09,504,32,63,32,93,32,9258,9611,10665,7692,8681,8413,9551,8962,10379,8890,7645,8256
"M591.5226T2597.10",591.5226,43.28,3.347,10.18,0.0004591,1.09,4071,9098,13773,18831,14151,9524,149022,155627,156107,132981,124369,111456,175295,169133,165150,138439,134214,138611
"M806.5791T2569.32",806.5791,42.82,3.945,15.4,0.0004993,1.09,744,1411,3659,2481,2571,3546,42513,41690,40549,43721,43336,39441,45424,47544,43017,47228,44731,45532
"M1479.0092T2464.02",1479.0092,41.07,4.531,23.12,0.0005114,1.09,975,2599,3797,1387,3198,484,57006,53513,54914,47437,48206,38212,70246,73917,65459,55399,58093,59714
"M1438.0108T2488.49",1438.0108,41.47,5.84,57.28,0.0005478,1.09,4701,2085,11912,1107,3880,750,224178,211155,211097,194346,175714,180672,278755,262086,244900,206725,224608,227922
"M985.7609T2759.92",985.7609,46,3.317,9.96,2.144e-05,1.089,2859,3614,3324,3720,5940,3045,50623,54532,51171,46285,43721,36682,43636,41540,42336,30989,22049,25554
"M396.3694T2726.81",396.3694,45.45,1.703,3.26,2.977e-05,1.089,4137,4659,5121,4387,4303,3843,15572,17188,20232,21707,15680,21455,14484,15088,15858,14254,16269,15326
"M1471.1366T2802.13",1471.1366,46.7,5.338,40.45,0.0002316,1.089,260,239,125,902,151,72,17218,11776,11712,10787,8805,6909,22543,18813,22042,13766,12789,8779
"M1471.0235T2478.05",1471.0235,41.3,4.15,17.75,0.0004327,1.089,3075,6037,9288,1785,8189,2095,119057,104594,106393,81338,81963,86901,168892,167897,151536,132331,130327,131071
"M819.7537T2977.20",819.7537,49.62,1.676,3.2,3.032e-06,1.088,7803,7981,8736,11492,8358,8571,32858,32806,33735,39883,41978,36342,33260,31219,29187,36422,41976,37010
"M314.3585T1173.13",314.3585,19.55,5.863,58.21,2.291e-05,1.088,208,141,208,415,347,119,23933,36186,28009,15101,4180,12330,29226,21304,16931,9286,10438,13323
"M1348.0601T2616.25",1348.0601,43.6,4.824,28.33,4.736e-05,1.088,127,105,79,174,306,278,8245,7263,7580,5088,4236,3848,6636,6729,5880,3191,3087,4139
"M1561.1177T2576.21",1561.1177,42.94,9.201,588.58,5.914e-05,1.088,25,12,16,6,58,6,13338,13674,12060,10559,9800,8674,12254,10295,947,7559,8167,8296
"M1509.0479T2506.50",1509.0479,41.77,3.176,9.04,9.269e-05,1.088,1697,1617,2553,931,1850,644,22762,19403,19632,14397,12156,12965,25219,18546,16053,14110,15252,15107
"M912.6598T2670.86",912.6598,44.51,3.965,15.61,0.0002316,1.088,2252,2944,3657,1126,5475,2987,62771,62099,62111,57066,50412,43045,56106,53761,53116,33633,36019,41673
"M962.7637T2845.10",962.7637,47.42,3.483,11.18,0.0004163,1.088,1211,4353,3548,5131,2631,4138,45882,45989,48221,46055,45750,44138,44331,37812,42897,36122,44350,44649
"M164.1475T2800.33",164.1475,46.67,3.859,14.51,0.0004636,1.088,1259,330,1033,433,1640,502,16764,13395,13003,15580,13602,10705,18331,15437,15906,14248,16218,17624
"M1441.9864T2449.92",1441.9864,40.83,4.581,23.93,0.0004682,1.088,14319,12632,20122,7775,32186,3280,455915,392341,435071,328623,329693,308595,755973,779254,694364,545230,578285,549615
"M305.1693T2801.16",305.1693,46.69,4.467,22.11,0.0005723,1.088,570,3172,802,1075,3514,1667,42665,40690,38145,47096,43149,36788,54734,47812,51968,50816,56590,55526
"M706.5176T2535.70",706.5176,42.26,4.006,16.06,0.0005839,1.088,29285,60584,84219,14642,79739,31483,925791,889116,878941,863289,844424,829868,953010,943207,905626,914182,908177,897129
"M777.5710T2576.16",777.571,42.94,3.681,12.83,1.241e-05,1.087,5909,15981,18626,13811,9910,8643,335071,230835,210147,184497,88217,162719,487810,363304,356702,313552,225441,269280
"M1184.9019T2610.77",1184.9019,43.51,4.772,27.31,0.0001277,1.087,291,442,138,278,922,246,13221,15800,13538,8203,10460,8911,10024,10464,10650,6707,6962,8676
"M328.3004T2800.55",328.3004,46.68,3.779,13.72,0.0005827,1.087,527,2468,1362,2026,3239,1563,29848,28053,27561,33763,28810,25087,36016,33389,34828,32235,34760,33945
"M745.5478T2583.26",745.5478,43.05,9.114,554.27,0.0005965,1.087,4380,1058,37322,1058,24236,2116,3585900,3561387,3549880,3063924,3145857,2889486,3809128,3685633,3560069,3201628,3194514,3277133
"M1472.1321T2803.06",1472.1321,46.72,4.483,22.37,0.0001725,1.086,148,747,535,519,722,178,17772,12565,13153,12613,8535,7250,21275,19626,20811,13636,11291,9652
"M1575.0536T2454.62",1575.0536,40.91,3.13,8.75,0.0002133,1.086,2593,3605,3464,1629,4504,1164,37211,31976,35278,24497,24669,22748,32300,32722,27120,24795,23764,29853
"M777.7167T2951.50",777.7167,49.19,2.278,4.85,0.0002962,1.086,6021,10820,5286,9095,11887,8717,49480,50534,50392,58036,56079,47845,48387,46930,46719,47399,54793,51540
"M325.2801T2800.67",325.2801,46.68,2.388,5.24,0.0004993,1.086,3882,5872,3892,9563,7536,7294,41052,40807,39624,47657,40786,34532,50189,47567,46611,49726,54052,50032
"M382.3691T1783.89",382.3691,29.73,5.678,51.2,0.0005656,1.086,112,113,56,749,56,56,8512,8328,8098,7330,6578,4945,12069,11539,12939,13852,14039,14734
"M1160.8886T2482.91",1160.8886,41.38,6.644,99.99,0.0005959,1.086,92,59,764,231,58,29,14684,15469,13436,14942,13480,12148,14058,15366,13627,14089,12340,13384
"M1084.8365T2468.57",1084.8365,41.14,7.873,234.48,0.0006384,1.086,70,762,35,495,35,342,57260,48969,53638,43905,36434,36070,73995,76251,74846,53772,54319,53595
"M494.3203T1796.90",494.3203,29.95,1.518,2.86,0.0001028,1.085,55429,47580,62334,54666,63732,34319,195202,198241,200577,204649,202033,157050,269397,273526,241032,254863,261941,276281
"M961.7508T2831.23",961.7508,47.19,3.732,13.29,0.000384,1.085,1803,1965,810,4799,1371,1562,27460,29444,30239,32856,32433,28893,25789,22254,26071,26240,30667,30810
"M651.5912T2786.54",651.5912,46.44,4.4,21.11,0.0004535,1.085,1655,848,860,196,660,392,18670,16587,16382,17100,18018,16081,14829,14018,13844,16035,15478,14774
"M1392.0050T2495.66",1392.005,41.59,3.927,15.21,0.0005726,1.085,20444,28201,30147,10133,29816,5124,389799,390448,381335,318375,301092,277429,454518,452003,421134,307859,326312,331625
"M1484.0211T2476.20",1484.0211,41.27,3.984,15.82,0.0006273,1.085,502,2149,2134,4274,2123,1697,43029,41689,41960,32056,32663,32714,58116,57294,50754,44844,44177,45148
"M198.0799T2801.06",198.0799,46.68,6.336,80.79,0.000664,1.085,1446,16347,1446,2893,12382,1446,402112,346739,326801,423979,377372,313377,490024,419031,437795,426205,481341,479606
"M829.6664T2803.58",829.6664,46.73,7.787,220.92,0.0006829,1.085,63,63,63,2134,181,126,48809,46593,46194,48744,38337,33468,62715,56578,59030,45006,47864,47775
"M729.5610T2801.16",729.561,46.69,5.385,41.79,0.0007036,1.085,5199,68963,12389,22523,49412,13256,1170573,1102204,1034599,1226129,1063174,930221,1455775,1335943,1387864,1215063,1379054,1421485
"M1026.5473T1940.36",1026.5473,32.34,2.647,6.26,3.223e-05,1.084,1613,2231,2301,4025,1954,1295,21537,22880,17359,21174,13787,9462,26895,24154,23840,18043,21422,26430
"M611.5498T2798.12",611.5498,46.64,1.731,3.32,4.029e-05,1.084,3538,3313,3118,5256,3863,4059,14745,16012,15167,18937,16493,16697,14437,14201,13652,13892,14294,13506
"M974.1706T2915.33",974.1706,48.59,5.682,51.34,0.0001855,1.084,180,745,90,90,446,90,16042,14566,15484,14051,5461,13351,13615,12213,13706,11758,11850,12108
"M1130.8774T2535.33",1130.8774,42.26,5.211,37.03,0.0004853,1.084,483,3458,6052,1138,2110,1003,78566,74592,66081,99462,85609,88216,78130,76579,76311,100046,96898,84453
"M1476.0484T2515.00",1476.0484,41.92,5.025,32.56,0.0005583,1.084,1150,2093,6351,994,3084,512,84685,79281,78268,64130,60392,65173,77464,79391,69393,60283,62094,62236
"M1533.1156T2578.03",1533.1156,42.97,9.32,638.95,1.942e-05,1.083,19,38,118,44,49,19,80832,21911,19856,5724,78659,70733,15259,15858,14964,14153,12129,12065
"M960.6022T1937.76",960.6022,32.3,5.037,32.83,5.98e-05,1.083,1552,1983,1150,249,499,660,20847,54508,22231,66599,38842,25820,36385,35563,30550,37945,33534,32998
"M731.5306T2556.84",731.5306,42.61,7.058,133.26,0.0006917,1.083,7777,55902,95193,3889,50890,16590,3983552,3967119,3885657,4093610,3815474,3680470,4035325,4007306,3804079,3792896,3760658,3754163
"M232.2083T2800.85",232.2083,46.68,4.051,16.58,0.0007956,1.083,250,1846,679,1400,1492,741,19494,19196,20000,21261,18305,16067,23353,22356,23996,22056,23956,24181
"M383.3110T2231.56",383.311,37.19,1.859,3.63,2.037e-05,1.082,40947,45805,46199,44674,37333,35580,237700,221292,201028,202749,197333,128438,379999,343229,312205,293337,308042,338217
"M1443.1160T2819.39",1443.116,46.99,2.714,6.56,6.466e-05,1.082,807,690,827,686,619,623,10084,6724,6892,5080,4916,3870,14981,13952,13198,7772,5754,8227
"M220.2071T2801.05",220.2071,46.68,2.513,5.71,0.0005632,1.082,837,2004,1599,623,1452,1469,8446,8429,9729,9963,9779,8468,10186,10099,10205,9278,10135,11193
"M564.2232T1808.02",564.2232,30.13,6.659,101.05,0.0006516,1.082,968,122,61,757,437,748,54312,47027,48596,40526,43624,39832,41119,43614,41333,43200,41741,47783
"M1171.9109T2585.26",1171.9109,43.09,5.761,54.22,0.0007072,1.082,802,1176,117,1309,283,157,32442,32291,31770,30359,27831,27025,31648,29360,30071,29504,27958,28093
"M1423.0400T2552.50",1423.04,42.54,9.956,993.57,0.0007353,1.082,1180,2471,3404,58,4049,119,1267908,1143846,1145011,957080,915145,852291,1329151,1309093,1177258,996394,1010489,1001561
"M464.4170T2728.61",464.417,45.48,1.521,2.87,5.548e-06,1.081,6834,6689,8077,9322,7989,5714,24550,25379,25547,30622,30260,27585,23997,21688,23702,21656,24908,24101
"M1584.0461T2451.03",1584.0461,40.85,2.199,4.59,4.225e-05,1.081,1288,2089,2345,1606,2170,978,12011,12379,12496,9300,8870,6108,9719,10078,9138,8653,8222,9514
"M1422.9926T2468.93",1422.9926,41.15,3.325,10.02,8.809e-05,1.081,20809,6369,18814,12295,8544,7426,176151,176913,186743,126693,120733,102537,138652,137006,131689,96029,95250,96758
"M1474.9841T2442.46",1474.9841,40.71,3.215,9.29,0.0001976,1.081,1186,2899,2995,1460,3853,999,20475,34016,29230,26366,14841,21623,33259,32981,37827,35978,32477,34587
"M1574.0495T2454.06",1574.0495,40.9,3.548,11.7,0.0004173,1.081,3700,5076,5225,1788,6360,1237,65267,55937,63774,43676,41424,38980,64802,62224,53039,46794,47458,53303
"M925.7434T2813.00",925.7434,46.88,6.113,69.21,0.0006984,1.081,71,792,305,854,142,984,28981,29393,30950,36449,33284,32697,31137,30831,32085,30962,34854,36995
"M1475.9785T2444.05",1475.9785,40.73,3.676,12.78,0.0007942,1.081,1390,2732,3062,865,3594,660,28441,29980,29826,29241,23925,27179,48849,46282,47415,45836,44849,44776
"M288.2709T2801.06",288.2709,46.68,3.976,15.73,0.0008083,1.081,533,1129,652,191,1113,223,11126,10275,9869,11926,10239,9525,13710,11145,13292,11751,14034,13467
"M976.2278T1442.88",976.2278,24.05,3.99,15.89,0.0008102,1.081,192,817,1273,384,611,192,9949,10212,9966,8499,9177,8486,16994,14345,16990,10112,11108,10934
"M355.2201T2800.99",355.2201,46.68,5.824,56.67,0.0008191,1.081,1683,2949,1576,576,120,881,66843,61877,63935,73892,67957,55180,85520,80651,79091,72795,88348,81605
"M331.1845T2801.13",331.1845,46.69,5.06,33.36,0.0008233,1.081,685,9714,3408,3392,7923,3390,164588,151349,145091,173302,156878,134445,202528,179057,197746,178617,196694,198486
"M965.7033T2681.81",965.7033,44.7,6.349,81.51,1.063e-05,1.08,424,248,124,124,124,276,22898,27835,25556,20430,14729,15372,17910,17080,4738,5279,10493,26294
"M1472.0002T2444.32",1472.0002,40.74,3.951,15.47,4.18e-05,1.08,385,1713,1495,1134,1234,614,26088,23302,26778,8464,19231,20305,46229,46927,43048,35919,34915,34686
"M791.7531T2460.58",791.7531,41.01,4.866,29.16,0.0006443,1.08,210,1552,1294,2184,1825,758,42793,47149,46239,37088,31502,33354,49434,54044,54955,30525,31920,34360
"M812.6403T2855.94",812.6403,47.6,8.748,430,0.0008671,1.08,314,84,169,84,5601,84,147977,131596,125958,150302,127829,110551,187027,189908,167943,152031,182608,175549
"M1469.0138T2465.55",1469.0138,41.09,4.5,22.63,0.0008676,1.08,5737,8158,17219,1781,12194,2501,212187,175374,186614,164621,154161,154780,316334,305434,272075,247519,257298,263893
"M720.5410T2602.16",720.541,43.37,3.304,9.88,4.934e-05,1.079,36379,60241,57708,29388,64834,20530,826382,421173,241724,640302,651768,607102,907177,902883,852406,709678,729478,746315
"M1454.0752T2597.30",1454.0752,43.29,7.91,240.47,6.892e-05,1.079,43,251,162,11,204,35,39802,41093,39923,22630,4036,20741,54932,42234,40058,21153,20739,26285
"M312.6956T460.70",312.6956,7.68,2.658,6.31,8.842e-05,1.079,1188,1046,1644,2044,1165,531,11802,10616,14023,6730,8938,7180,12648,11432,13793,8198,12833,12006
"M939.6869T2737.29",939.6869,45.62,3.76,13.55,0.0004391,1.079,1032,327,654,803,1574,327,13584,13443,13584,11743,9716,9236,13201,12355,9144,7720,9318,9728
"M721.5465T2602.18",721.5465,43.37,4.187,18.21,0.0007776,1.079,13261,26649,20672,3709,28449,7417,367104,359784,357971,284445,275018,261467,397922,374783,367036,316170,312625,323342
"M1426.5088T2530.39",1426.5088,42.17,3.385,10.44,0.0008191,1.079,2888,2745,3204,1175,4031,726,30905,31943,28918,28808,25247,25316,30581,32221,31087,26306,25970,28671
"M1456.0086T2455.54",1456.0086,40.93,4.26,19.16,0.000863,1.079,3621,5493,10614,2877,9253,1026,129252,115774,113006,96890,92665,87059,147240,143686,126914,114800,115237,124305
"M559.4022T2801.44",559.4022,46.69,6.226,74.84,0.0009029,1.079,403,1478,128,62,124,62,19481,17485,16792,19817,18078,14533,23388,22294,20776,20474,23738,22489
"M1576.0519T2454.78",1576.0519,40.91,2.337,5.05,4.732e-05,1.078,2000,2650,3016,1529,3229,1419,18947,17353,17457,12718,11965,9885,14373,14062,12315,10515,11428,12301
"M1025.5449T1939.96",1025.5449,32.33,3.618,12.28,5.733e-05,1.078,809,2340,1431,2314,1367,2062,26329,39980,13025,55301,26087,14218,46678,41815,42919,29685,34616,44014
"M1427.5256T2540.21",1427.5256,42.34,3.845,14.37,0.000154,1.078,1564,1887,2005,638,1498,345,27979,26039,10207,23394,20788,22020,28819,27202,29613,24113,23347,23601
"M845.7799T2983.43",845.7799,49.72,2.233,4.7,0.0003216,1.078,4696,9141,5118,10161,9923,7404,43760,43279,41843,48205,51070,42014,39275,41343,38726,39917,51347,43813
"M633.2131T1807.91",633.2131,30.13,3.538,11.61,0.0005212,1.078,698,1327,468,1037,1127,208,13922,11286,12435,7840,9555,8213,13627,14864,14115,12114,12914,15230
"M1437.5123T2524.66",1437.5123,42.08,2.54,5.81,0.0007389,1.078,1977,2834,3010,1364,1843,712,14113,12911,14336,13521,11519,13294,12854,13026,14935,14488,13365,13880
"M355.3656T1573.04",355.3656,26.22,5.928,60.89,0.0007551,1.078,1181,13070,13170,1225,11036,4125,376377,293923,306014,387939,467071,437088,678566,777523,755326,753989,757564,785787
"M1409.0271T2534.13",1409.0271,42.24,7.74,213.78,0.0008043,1.078,8433,30721,27853,1011,25791,2022,2786676,2832749,2741466,2089534,2015431,1847715,2814427,2841781,2655759,2108227,2103040,2070826
"M1144.8896T2566.24",1144.8896,42.77,6.012,64.51,0.0008336,1.078,617,1240,674,1631,718,59,46344,47120,45812,54225,48432,45439,48068,48657,46323,51302,51697,48522
"M218.1928T2800.99",218.1928,46.68,6.555,94.03,0.0009356,1.078,108,1291,181,54,540,54,23056,21823,22503,25714,22979,18808,27868,25635,27099,23805,28707,25723
"M524.3739T2801.20",524.3739,46.69,4.798,27.82,0.000996,1.078,871,4275,373,1539,3848,1079,55199,50719,49825,58912,51240,45392,70378,65955,67550,60565,72223,68102
"M591.4290T2801.06",591.429,46.68,5.029,32.65,0.000996,1.078,1980,10867,2696,990,11410,2363,154128,147643,140682,159948,139499,121971,199246,174300,182813,159672,190813,180256
"M384.3151T2227.89",384.3151,37.13,1.623,3.08,2.309e-06,1.077,15082,16224,15065,14117,11948,12513,65557,62832,55698,59502,55517,40604,101385,99312,85661,81237,87083,97327
"M382.3760T1161.30",382.376,19.36,4.651,25.12,0.0001384,1.077,273,95,300,119,70,300,5793,7042,6781,4869,3565,4744,5951,4001,4508,2570,2864,3067
"M259.1224T814.15",259.1224,13.57,0.855,1.81,0.0001807,1.077,19730,14656,17946,18314,14275,16702,41828,39462,42214,40789,36247,35742,51667,48607,52821,42436,43689,39992
"M984.7492T2755.36",984.7492,45.92,3.651,12.56,0.0004386,1.077,2281,2842,3832,942,5293,1892,43208,48958,45715,36582,35842,33624,40925,34916,39281,25476,28450,29982
"M1159.9050T2594.92",1159.905,43.25,5.558,47.13,0.0007904,1.077,722,61,803,580,677,191,23283,24436,25873,21352,21081,20443,21923,22002,22065,18880,18308,19973
"M957.7151T2824.22",957.7151,47.07,5.909,60.07,0.0008064,1.077,554,110,221,2067,1061,750,35183,43701,45847,42318,41175,39455,51973,45813,37957,33160,35121,38649
"M1412.0399T2541.21",1412.0399,42.35,6.512,91.28,0.0008449,1.077,1688,4022,4853,226,2349,358,194541,181195,187716,144585,136680,128664,191739,196838,181513,148387,141402,146605
"M536.3713T2801.06",536.3713,46.68,5.412,42.57,0.000986,1.077,783,5815,940,1667,4103,317,89067,76761,75293,89670,81617,67992,109431,99407,103205,89664,102087,100954
"M407.3582T2800.58",407.3582,46.68,4.451,21.87,0.0009866,1.077,1279,3971,1600,4385,2353,358,52778,48805,46571,57446,51116,43211,65300,57505,61348,58146,61254,63492
"M1463.9783T2447.91",1463.9783,40.8,5.007,32.16,0.001062,1.077,1407,3139,4641,3604,23114,1827,170030,153828,172433,156089,147821,153852,291369,311568,284434,248385,260809,264748
"M1403.5364T2537.10",1403.5364,42.28,3.397,10.54,0.0004124,1.076,1132,1924,2386,669,1544,478,18071,19663,18972,14041,12838,13405,15277,15935,17570,12244,10761,12247
"M728.4882T2423.09",728.4882,40.38,4.364,20.59,0.0005518,1.076,3530,4583,7307,1094,9871,3547,103736,102697,95917,121307,105796,121837,272387,272023,263985,268992,293076,289851
"M1510.0538T2511.02",1510.0538,41.85,3.643,12.49,0.0007454,1.076,1036,1568,2532,692,1750,321,20976,20277,19535,14326,14780,16051,21437,20790,18013,18443,16972,17200
"M1491.9985T2466.56",1491.9985,41.11,3.218,9.31,0.0008651,1.076,6158,5625,7659,1377,5336,2478,60634,53952,52943,46133,44751,40741,60293,55679,54842,54344,56461,51664
"M356.3684T1572.82",356.3684,26.21,7.25,152.18,0.0009389,1.076,97,1701,1702,533,1431,64,100610,74624,78939,99630,122608,109878,176047,199294,194532,196004,196099,200362
"M822.6071T2449.86",822.6071,40.83,3.113,8.65,0.0009468,1.076,1573,7576,3145,1573,1573,1573,28517,24397,28477,26871,22611,23569,44516,43938,40047,37370,38767,34267
"M725.5383T2616.27",725.5383,43.6,6.611,97.78,0.001095,1.076,650,8982,2140,325,7739,1381,265729,249457,222202,262634,223201,203352,363380,309370,320455,326909,336039,330333
"M1566.0040T2600.07",1566.004,43.33,8.751,430.77,3.66e-06,1.075,6,29,6,36,11,6,10990,10212,14689,4682,2437,3029,7448,7027,7439,3033,1267,803
"M546.4960T2725.85",546.496,45.43,4.38,20.82,0.0003703,1.075,4919,9322,9830,31314,27040,11690,284737,304435,326809,402457,395966,373788,257261,232194,260795,259919,281082,285089
"M1477.0092T2444.05",1477.0092,40.73,2.935,7.65,0.0003932,1.075,1686,2909,5881,1487,3643,1391,21356,33298,33566,23016,17893,20535,34723,34753,35987,33110,33109,31981
"M720.5322T2562.07",720.5322,42.7,6.538,92.9,0.000536,1.075,5957,18345,13885,787,16590,4484,686259,1319235,1117255,653497,650417,616441,702253,697108,694191,677178,668238,631728
"M312.6954T572.99",312.6954,9.55,3.029,8.16,0.0005839,1.075,1276,3370,2529,6362,3976,2902,27356,37156,39139,31247,32204,27363,31405,24703,35962,34561,34341,34504
"M1413.0033T2492.52",1413.0033,41.54,4.885,29.56,0.0006438,1.075,9652,17217,22559,2934,18178,2743,445572,420189,413921,296145,284692,259688,410464,411204,370567,285650,280949,272342
"M1172.9230T2580.34",1172.923,43.01,4.723,26.41,0.0007999,1.075,718,176,234,817,1299,163,14090,12071,15006,14151,14679,15155,15617,14070,12293,17312,15656,23712
"M1143.8811T2517.16",1143.8811,41.95,6.516,91.49,0.0008323,1.075,168,1567,606,1378,680,57,48474,48190,46647,65106,54458,60028,48313,51066,51805,64943,61138,57193
"M732.5486T2595.92",732.5486,43.27,8.929,487.49,0.0009976,1.075,6343,23926,24697,480,25872,960,4271887,4165782,4194860,3471090,3423171,3139881,4573133,4419253,4297624,3588279,3572296,3616190
"M719.5325T2563.86",719.5325,42.73,7.09,136.23,0.0009999,1.075,13931,64650,45828,1431,41074,15025,3449938,3349025,3341962,3155293,3024239,2932923,3544854,3467115,3320882,3311269,3258850,3237673
"M423.2873T2801.23",423.2873,46.69,5.294,39.23,0.001024,1.075,864,2498,673,248,2197,184,37083,36273,33836,42208,39565,32374,50820,40976,46935,39510,45989,40254
"M542.4812T2728.19",542.4812,45.47,1.945,3.85,3.773e-05,1.074,5197,6003,6188,10059,4998,4288,25672,25553,26130,36731,33401,29958,26937,21800,26495,27964,30722,30434
"M218.1917T2724.59",218.1917,45.41,6.265,76.91,0.0007288,1.074,26,240,460,159,52,411,12906,13428,12518,16399,16622,15851,11679,11260,11821,12522,12076,14301
"M960.7427T2831.91",960.7427,47.2,4.625,24.68,0.0007717,1.074,928,337,2312,4283,996,1321,34824,38751,38924,45461,45157,39640,37503,34373,35304,34632,44432,45181
"M1453.9902T2446.94",1453.9902,40.78,5.805,55.91,0.001178,1.074,7193,2838,5505,1326,13175,460,270242,232316,245699,214943,203027,190121,399443,392923,349729,301234,304516,315493
"M455.3080T2801.06",455.308,46.68,0.915,1.89,3.237e-06,1.073,70450,70450,70450,70450,70450,70450,186733,172071,165091,192622,177314,140900,229223,210115,220691,192676,229678,220870
"M755.4790T2435.85",755.479,40.6,2.193,4.57,4.098e-06,1.073,3392,3670,5643,4419,4716,3891,22373,20876,21562,31190,25465,30140,46540,46838,47224,50056,50332,46313
"M1196.8618T2454.94",1196.8618,40.92,6.66,101.14,1.415e-05,1.073,40,40,40,79,40,40,6938,8074,9001,7659,1522,6438,8743,5795,10039,6476,566,6374
"M990.7573T2769.60",990.7573,46.16,2.113,4.33,0.0001538,1.073,3790,4894,3787,3837,3187,3407,11511,27084,26190,24334,21541,20813,18839,17774,19147,13971,16493,17356
"M910.6530T2669.75",910.653,44.5,6.667,101.62,0.000765,1.073,649,9684,3112,4240,324,1585,274322,285022,282352,232078,219457,193521,246706,221507,230808,135695,159212,170026
"M312.6960T548.84",312.696,9.15,2.986,7.92,0.0007862,1.073,1390,3570,2728,7092,4243,3155,31706,35723,34948,34051,35826,30513,34810,25237,34997,36224,38817,43263
"M790.5568T2568.08",790.5568,42.8,4.208,18.49,0.0008691,1.073,740,1747,2357,2869,370,2652,45082,34117,33620,31579,31838,30550,33480,32925,32962,34516,36135,31680
"M1144.8841T2515.74",1144.8841,41.93,8.243,302.87,0.00101,1.073,31,1099,16,73,16,16,16498,17279,17303,23697,14897,19493,18216,17727,18867,22325,20825,19878
"M543.4805T2801.16",543.4805,46.69,2.929,7.61,0.001101,1.073,3506,6387,3347,16587,6070,3986,57835,55000,51758,62958,56031,46849,75680,67065,66366,62152,73132,67563
"M589.4136T2801.06",589.4136,46.68,6.272,77.26,0.001199,1.073,162,2459,81,192,975,548,41087,38362,36936,42359,40678,32540,53653,46458,49238,47214,52578,50291
"M216.2047T440.58",216.2047,7.34,2.244,4.74,4.019e-05,1.072,1766,1347,1898,3170,2010,1348,8840,10133,10480,13418,12437,12986,8122,8966,9980,9224,10324,10363
"M813.7248T2430.50",813.7248,40.51,5.582,47.89,0.0006377,1.072,399,79,159,189,1276,829,23164,18423,22377,10458,22087,25469,40786,34697,42108,24747,37822,31703
"M1176.9060T2808.26",1176.906,46.8,4.571,23.76,0.00101,1.072,2280,22690,4143,3667,17019,5770,201528,184620,177921,244519,204682,194466,214557,210822,207903,250386,229769,235699
"M1440.0203T2508.72",1440.0203,41.81,4.418,21.37,0.001118,1.072,9290,13067,24440,4127,14646,1805,276426,251285,250219,208877,205466,191979,293594,304429,266471,259811,247854,235796
"M1501.0421T2477.34",1501.0421,41.29,4.507,22.75,0.001195,1.072,1043,895,2023,325,2141,191,26470,25410,27984,19989,22020,19482,39295,41155,36883,31428,32095,30854
"M507.3381T2801.16",507.3381,46.69,5.883,59.03,0.001202,1.072,1136,3081,230,320,4621,1229,87656,80094,76813,92234,82698,69823,113014,96375,104723,91911,104471,104429
"M1490.9991T2463.57",1490.9991,41.06,3.211,9.26,0.001221,1.072,4978,6708,9505,1534,7347,2720,58076,53279,57091,57471,53319,52583,87966,90863,84568,78566,84093,79491
"M395.2739T2115.08",395.2739,35.25,1.743,3.35,3.184e-05,1.071,47789,55052,48058,50557,43623,42541,258386,228659,207390,215602,213588,136936,396543,386889,350405,314462,354591,391492
"M538.1501T1254.90",538.1501,20.92,5.163,35.83,8.408e-05,1.071,48,48,96,321,48,48,1652,4051,4986,3504,3480,3931,10964,17748,15210,14435,14380,12684
"M708.5069T2460.01",708.5069,41,2.278,4.85,0.0001708,1.071,18536,18038,28336,35082,16673,38460,131660,130354,137467,198048,148679,185228,237804,239353,224674,230698,236531,241823
"M1339.9537T2760.17",1339.9537,46,2.388,5.24,0.0001762,1.071,2272,5691,4715,2137,4468,3677,31798,30320,29613,21622,19547,16937,32712,31689,32232,19992,21558,20887
"M1414.0059T2492.87",1414.0059,41.55,4.989,31.77,0.0008533,1.071,6500,13667,16402,1589,14711,2265,352920,322081,318029,228845,216221,205615,351114,336095,313190,236478,236979,233005
"M225.1554T589.95",225.1554,9.83,3.337,10.11,0.001077,1.071,1343,8838,2744,6770,4085,2686,48649,44681,55360,51110,41277,47092,49047,51577,48867,50315,51924,55238
"M1384.9981T2497.58",1384.9981,41.63,3.193,9.15,0.001079,1.071,2023,3044,3405,771,2959,777,22886,24690,25045,19403,19321,19045,25094,24541,22897,24966,19881,22123
"M275.1274T2801.99",275.1274,46.7,7.783,220.28,0.001231,1.071,101,38,84,38,2637,75,35745,32387,31215,37485,33005,27969,40020,36752,40623,37310,40313,40552
"M508.1370T1248.96",508.137,20.82,5.566,47.38,3.364e-05,1.07,86,100,33,65,33,33,1148,4331,5936,5550,5114,1219,15676,15924,15364,18421,16119,15266
"M243.1856T590.48",243.1856,9.84,0.859,1.81,5.891e-05,1.07,28346,30889,28334,35732,34368,27567,79388,76060,83794,68522,70258,56873,77695,76448,74955,67079,57603,63922
"M495.3256T1797.45",495.3256,29.96,1.326,2.51,9.559e-05,1.07,16910,14096,19950,14996,18117,21057,57169,55579,56965,61592,62954,44590,81659,81105,70518,75139,74163,81621
"M911.6565T2670.36",911.6565,44.51,5.503,45.35,0.0007578,1.07,2100,5495,4473,379,4694,3745,175949,178353,176597,151487,140921,117422,160765,139305,146410,87053,101471,107957
"M1119.8675T2496.08",1119.8675,41.6,2.001,4,0.0009129,1.07,2253,4139,2337,3320,6260,2963,16535,16592,16243,20292,17256,16389,18897,19499,18403,18082,17657,18911
"M754.5224T2600.32",754.5224,43.34,5.46,44.02,0.001004,1.07,1919,7128,6492,523,5685,1045,156957,151735,144485,145753,137809,134834,163509,160047,153949,77953,150897,135963
"M956.7176T2824.61",956.7176,47.08,6.884,118.14,0.001031,1.07,839,399,120,60,1514,1299,59309,62452,66460,63996,66415,57483,54319,50621,56676,47406,54922,58745
"M842.5912T2583.23",842.5912,43.05,3.907,15,0.001118,1.07,5240,6456,8065,1135,8671,2269,80644,87428,80210,89348,81208,78403,86276,86662,85892,77321,74529,74706
"M746.5896T2801.98",746.5896,46.7,5.718,52.62,0.001224,1.07,4677,131784,25177,39096,95316,24028,2370044,2106590,2026916,2721982,2388601,2080188,2945937,2593520,2793266,2534441,2698299,2856635
"M1426.9779T2440.03",1426.9779,40.67,5.087,33.99,0.001236,1.07,266,1896,5158,2459,2348,532,81687,63006,67153,57895,62839,45477,106250,101705,91916,94256,83347,86072
"M327.2972T2800.44",327.2972,46.67,4.981,31.58,0.001289,1.07,500,7652,2976,1613,7727,1786,108660,98879,96183,115395,106823,91611,131462,117968,124012,113683,134033,129474
"M592.4328T2801.16",592.4328,46.69,5.543,46.62,0.001307,1.07,1605,3686,1470,170,2347,339,65292,62205,60978,69601,60482,53600,83812,74513,77514,70227,80524,77250
"M1489.9965T2463.63",1489.9965,41.06,4.003,16.04,0.001449,1.07,3130,4143,9600,1451,6750,899,70188,66555,69330,66184,63814,63228,101551,105044,96133,87730,92246,89178
"M245.2167T2800.96",245.2167,46.68,0.841,1.79,2.702e-06,1.069,47391,47391,47391,47391,47391,47391,115623,110200,103357,122674,113474,94782,141143,129931,133977,119403,145004,143107
"M676.5192T2732.37",676.5192,45.54,0.931,1.91,4.047e-06,1.069,146143,146143,146143,146143,146143,146143,420609,360989,358292,398372,342860,292285,529740,484748,491410,396426,456421,464823
"M958.7407T2748.35",958.7407,45.81,2.489,5.61,3.837e-05,1.069,4361,3597,6120,4225,4960,2468,43642,20958,49573,22972,29037,23818,31019,30237,32227,20467,20158,23519
"M1566.4425T2601.63",1566.4425,43.36,6.024,65.08,7.494e-05,1.069,37,71,69,55,11,58,6831,6836,7016,829,6231,1344,6029,5701,5781,3400,1620,3188
"M1510.8207T1906.22",1510.8207,31.77,3.665,12.69,0.0004056,1.069,424,384,182,588,98,120,4267,5076,3463,2691,5530,3546,4106,4697,5414,7565,5091,3483
"M927.7016T2736.21",927.7016,45.6,4.45,21.85,0.0006421,1.069,1663,4442,1364,682,5821,2400,72071,74246,68116,55575,53100,45104,55447,49201,65443,35186,38841,63930
"M1597.1018T2521.91",1597.1018,42.03,5.436,43.29,0.0007951,1.069,643,470,1048,126,687,63,24637,23362,23013,13787,18280,15806,19037,17543,16898,15829,15292,16100
"M678.5471T2734.26",678.5471,45.57,1.826,3.55,0.001114,1.069,17353,22360,15804,9305,27426,17604,85164,80786,73759,87751,79205,71950,112308,103662,103892,88150,93379,93383
"M1517.0088T2467.03",1517.0088,41.12,6.121,69.59,0.001152,1.069,2165,829,119,558,4333,584,84152,86512,87947,67073,66044,56271,84466,81829,83401,69163,71617,74485
"M1392.9970T2495.11",1392.997,41.59,4.799,27.84,0.001192,1.069,19102,5323,27708,9347,6826,1404,333994,324756,318376,266588,244426,242409,374262,378256,346654,263802,268135,280184
"M734.5478T2595.74",734.5478,43.26,8.366,329.89,0.001252,1.069,2482,2884,1565,82,7030,163,474098,486252,483646,394626,384999,369883,528377,527208,498879,422115,414111,431121
"M728.5579T2801.16",728.5579,46.69,5.875,58.7,0.001365,1.069,6813,227434,37951,59916,156312,34847,4340097,3884629,3780106,4538291,3898129,3230808,5400762,4779506,5058460,4545050,5035932,4995185
"M983.7639T2789.03",983.7639,46.48,4.19,18.25,0.0001646,1.068,686,3126,1269,4315,1040,1848,59401,67985,36500,31064,30388,27843,54784,30828,30205,26854,27425,29087
"M227.1559T421.01",227.1559,7.02,1.252,2.38,0.0003331,1.068,27514,25240,35701,39258,37000,23348,100191,87111,101336,95523,93449,90043,90509,88886,111607,116028,106630,111156
"M769.5488T2625.39",769.5488,43.76,8.283,311.42,0.001184,1.068,7504,98,98,195,98,407,117197,116852,122621,115694,113659,106082,102586,96497,124804,94190,106616,98872
"M710.4811T2387.86",710.4811,39.8,1.489,2.81,0.0001373,1.067,10131,10373,13337,8227,12659,6681,39463,40789,42483,31330,33311,31025,60842,59366,57231,49464,46311,51148
"M377.3438T1199.06",377.3438,19.98,6.134,70.21,0.0002196,1.067,36,394,292,643,147,72,7270,12512,14234,22155,23161,23812,13567,10395,14246,8116,17133,19574
"M646.2272T1880.11",646.2272,31.34,3.876,14.69,0.0003596,1.067,728,843,1176,269,1749,276,22386,13934,15705,11108,11361,7045,26634,28437,26448,16561,23173,28295
"M1518.0126T2467.05",1518.0126,41.12,5.025,32.57,0.001237,1.067,2170,325,325,650,4135,1044,44758,46069,46670,34941,33198,31969,45556,45294,44620,36619,40349,37805
"M1442.9882T2449.92",1442.9882,40.83,4.744,26.8,0.00136,1.067,6638,9274,33552,3562,25334,2273,386120,313255,350795,257709,267601,248929,652909,648005,576729,465041,483822,469424
"M1562.0305T2592.52",1562.0305,43.21,5.85,57.66,0.0001046,1.066,13,68,38,65,231,66,7241,7323,6067,973,5470,3363,11225,3560,11094,5382,5746,5953
"M1539.0332T2469.98",1539.0332,41.17,2.622,6.15,0.0003168,1.066,1290,1515,1027,427,1673,746,11036,5918,11435,8180,7152,6172,9605,10467,9104,7313,7777,7805
"M1429.5466T2553.79",1429.5466,42.56,3.682,12.83,0.001054,1.066,1340,2245,2700,363,1840,605,24131,23188,23591,17376,16873,17582,21214,21126,22125,17641,17063,20469
"M517.4609T2801.27",517.4609,46.69,1.899,3.73,0.001234,1.066,8650,25037,24207,23290,18317,21063,100904,90405,86380,103436,89231,81033,118313,105258,112153,103471,115256,114804
"M351.2891T2800.11",351.2891,46.67,2.742,6.69,0.001319,1.066,2272,1918,2698,2723,531,2076,15927,15395,14979,16330,16871,14533,17958,16129,16865,15711,18693,17502
"M399.2453T2801.16",399.2453,46.69,9.17,576.14,0.001449,1.066,748,25,143,49,5567,216,187709,172782,162382,194076,174215,146873,236226,207639,218420,194036,219407,224497
"M579.4282T2801.13",579.4282,46.69,0.793,1.73,2.075e-06,1.065,21982,21982,21982,21982,21982,21982,51843,51342,45476,52325,50819,43965,66074,60355,61403,54272,64028,63421
"M1442.1080T2816.54",1442.108,46.94,4.157,17.84,6.374e-05,1.065,105,346,298,401,123,89,7666,8080,6333,3356,2123,2543,14520,13480,12464,5141,7466,6648
"M1367.9465T2425.00",1367.9465,40.42,2.457,5.49,0.0004191,1.065,7850,8322,9014,5394,11069,2597,60072,58558,61879,39187,38979,34914,65343,63127,57121,43012,40988,49507
"M544.4841T2801.06",544.4841,46.68,2.977,7.87,0.00142,1.065,1649,3174,1404,7814,1648,3232,28458,25883,25169,31826,26020,22034,34399,30738,32025,29471,35109,32734
"M577.4158T2801.16",577.4158,46.69,0.87,1.83,9.22e-06,1.064,115405,115405,115405,115405,115405,115405,297134,267275,256304,318526,272624,230809,381171,334256,346605,327867,365721,353628
"M760.5834T2582.59",760.5834,43.04,1.367,2.58,0.0001229,1.064,63828,69197,72559,68419,63273,46564,202560,236233,220813,265169,137617,229359,184891,183388,169633,184965,202820,206153
"M164.1496T2725.37",164.1496,45.42,1.548,2.93,0.0001568,1.064,2480,2446,2188,2454,2381,1409,7520,5469,8154,10564,9926,9026,8291,7830,8033,7419,7762,8380
"M1509.0818T2576.20",1509.0818,42.94,7.308,158.43,0.0001627,1.064,21,92,338,148,124,26,34044,34937,35257,25387,1166,18628,34012,34740,30819,27001,26669,24617
"M1072.8321T2481.03",1072.8321,41.35,4.528,23.08,0.0001632,1.064,179,358,179,753,179,179,15436,11946,12841,3150,12190,2146,19939,20132,18749,15589,15375,13978
"M1427.9808T2440.52",1427.9808,40.68,3.792,13.85,0.001095,1.064,741,4409,6149,2534,6799,2125,77305,57918,62264,55377,37616,41545,96695,91475,79292,78918,73756,79010
"M1493.0136T2471.43",1493.0136,41.19,3.757,13.52,0.00123,1.064,3296,2906,6179,667,3217,979,48388,43947,44461,36176,33788,30550,44472,44364,39799,36476,38635,38693
"M709.5636T2801.06",709.5636,46.68,2.483,5.59,0.001531,1.064,92437,75432,80140,77653,18567,62595,475049,432061,415171,495127,447947,378386,597601,543095,556842,528320,577673,559003
"M1468.0031T2464.43",1468.0031,41.07,4.336,20.19,0.001609,1.064,6678,10420,19396,2897,14936,1370,213594,171765,186497,158068,157064,148011,339470,336675,291410,257967,271541,265641
"M1466.9913T2447.91",1466.9913,40.8,4.08,16.92,0.001626,1.064,1704,3150,8419,1418,4189,527,54730,56637,58351,47443,43406,41311,73788,76053,68215,58362,60547,60945
"M696.5652T2802.02",696.5652,46.7,0.875,1.83,8.179e-06,1.063,40691,38074,41711,40054,29592,35123,96404,84877,82627,101070,88085,78957,121091,113072,114881,105369,120934,109159
"M732.7132T1574.88",732.7132,26.25,4.484,22.38,9.516e-06,1.063,344,129,129,129,129,259,5920,4460,2093,5398,7617,6376,21148,25147,24547,22379,18801,25862
"M396.2765T2114.05",396.2765,35.23,1.62,3.07,1.628e-05,1.063,13158,15612,12171,12870,11140,12156,64865,54611,51791,50896,53943,33840,98194,90932,85064,77824,89605,93528
"M752.5526T2732.36",752.5526,45.54,3.362,10.28,3.149e-05,1.063,68644,204430,129677,113318,174522,72325,1158901,1274719,1471842,1766597,1981306,1873138,830820,884253,958581,1115337,1407081,1326124
"M792.5982T2785.11",792.5982,46.42,1.659,3.16,0.0001244,1.063,121940,127710,113742,116657,108645,95296,378714,408181,410950,576183,553423,485434,343905,325299,341371,399228,468208,449180
"M861.7878T2433.16",861.7878,40.55,1.016,2.02,0.0001361,1.063,12684,12684,12684,12684,12684,12684,39033,40428,39133,31839,26519,25368,41899,40690,42336,27806,27552,30338
"M242.1853T589.75",242.1853,9.83,1.112,2.16,0.0001763,1.063,154712,183033,183245,163338,215329,111373,527470,521736,558475,411082,429332,354810,502180,489857,492772,425627,404736,396453
"M1477.8296T1906.58",1477.8296,31.78,4.605,24.34,0.0003522,1.063,265,76,117,916,212,172,5011,6748,3965,7615,7725,9702,5313,6947,6337,10941,7361,3793
"M1603.8965T1907.20",1603.8965,31.79,3.469,11.07,0.0004734,1.063,265,185,156,934,152,253,3234,3599,3669,4848,2384,4759,3643,3725,3995,5545,4135,2696
"M329.3508T1532.07",329.3508,25.53,6.914,120.61,0.0008092,1.063,27,683,247,14,144,183,8593,12962,14658,22810,27130,23195,55980,66586,58874,72962,66881,64298
"M482.3207T2035.85",482.3207,33.93,3.885,14.78,0.0008111,1.063,5279,6441,7285,898,4420,4609,62432,87742,77861,96779,74705,70888,60495,63552,55731,68091,65867,65224
"M1131.8781T2535.29",1131.8781,42.25,4.94,30.7,0.001312,1.063,235,2089,4754,925,2661,2114,54722,57314,52136,71727,64114,62873,57955,59487,56080,71445,69836,59612
"M1384.0021T2499.10",1384.0021,41.65,4.263,19.2,0.001471,1.063,3456,8338,6678,1171,13538,1688,120748,111329,117948,103053,89135,82149,133098,130787,126667,95204,99592,103355
"M397.3731T2801.06",397.3731,46.68,5.005,32.11,0.001646,1.063,277,4430,553,3571,2768,1040,60963,54983,54076,67813,58070,49647,77271,69554,69880,68945,75680,68932
"M327.3699T1608.73",327.3699,26.81,6.35,81.59,0.001695,1.063,40,818,265,127,16,31,11537,9492,9534,9268,9166,8233,15636,17766,15408,27932,23134,17052
"M563.4101T2800.98",563.4101,46.68,0.84,1.79,2.698e-06,1.062,24115,24115,24115,24115,24115,24115,59287,54286,53958,62897,57024,48229,79820,72742,72584,63912,73650,73311
"M1197.8713T2453.50",1197.8713,40.89,2.302,4.93,0.0001057,1.062,563,563,563,1127,563,563,5825,5983,4799,4501,2050,2765,5990,7180,6630,4428,4304,3311
"M133.0969T2798.36",133.0969,46.64,3.163,8.96,0.001161,1.062,212,405,310,247,116,51,1995,1916,2181,2045,2789,1959,2902,2388,2115,2230,2323,2423
"M843.6036T2583.03",843.6036,43.05,2.639,6.23,0.001167,1.062,6709,7534,11786,2345,9017,4690,49164,53395,46407,57869,47378,47908,49802,45146,49169,46484,44450,42655
"M784.5475T2632.31",784.5475,43.87,6.302,78.91,0.001487,1.062,1864,269,135,135,2544,135,47610,40913,40775,36362,36462,33051,55449,47236,47637,32914,34890,34851
"M744.5455T2584.26",744.5455,43.07,10.289,1250.73,0.001529,1.062,8934,494,74339,494,45048,988,7812053,7548852,7576357,6804215,6734026,6267156,8227965,7997592,7792458,7066147,6934327,6977509
"M287.2669T2800.44",287.2669,46.67,6.386,83.66,0.001675,1.062,319,2525,112,612,1407,56,46504,43277,41374,48613,45322,37974,57157,48572,53051,50652,55932,51699
"M523.3687T2801.16",523.3687,46.69,6.165,71.74,0.001719,1.062,668,9684,342,472,6056,1525,143438,133163,131083,159878,135849,112248,185441,167680,175089,160504,185557,181938
"M793.6008T2785.32",793.6008,46.42,1.598,3.03,0.0002242,1.061,71334,75499,69852,70680,64427,57722,219471,229205,230906,341572,314329,283219,205004,189987,202586,227437,273354,256375
"M1457.0153T2476.55",1457.0153,41.28,4.059,16.67,0.001568,1.061,1099,5695,11893,2847,8778,1714,105524,94910,90409,70718,76000,65109,108208,114691,101665,89930,88434,90596
"M707.4875T2424.85",707.4875,40.41,2.24,4.72,0.001906,1.061,197011,151588,343827,121845,244780,68893,1085916,1076348,1090863,982273,962717,901948,1359706,1387144,1282347,1268080,1247132,1268172
"M329.3033T2801.19",329.3033,46.69,0.782,1.72,2.681e-06,1.06,9407,9407,9407,9407,9407,9407,20675,21468,19837,23811,21062,18813,26397,24041,23678,23517,27028,28330
"M731.7070T1574.88",731.707,26.25,3.844,14.36,7.742e-06,1.06,380,628,363,992,413,617,11163,7420,7354,10282,12060,11802,37339,48120,44585,39990,36259,45526
"M1416.5340T2540.21",1416.534,42.34,3.482,11.18,0.001528,1.06,1027,2460,2470,750,1749,288,19890,17939,18889,15373,13912,14785,19652,19677,18223,16130,14382,17921
"M1372.6746T2499.04",1372.6746,41.65,4.608,24.38,0.0001782,1.059,100,37,123,291,296,73,2838,7146,6205,2538,1865,4619,5824,5272,3895,2342,2281,5208
"M592.2482T1944.47",592.2482,32.41,3.002,8.01,0.0002691,1.059,2923,4654,4924,1042,3408,2632,39065,38794,34859,34628,24487,17111,43984,40675,44191,25936,21970,19743
"M1315.3494T2928.38",1315.3494,48.81,2.607,6.09,0.0004056,1.059,471,1801,1275,503,794,702,7895,8975,7657,4757,5246,5319,8800,7646,8614,5793,5012,5095
"M1478.0170T2468.02",1478.017,41.13,2.786,6.89,0.0004101,1.059,2065,3361,6525,3089,5380,1552,36182,33658,36544,27416,20294,23520,33246,35798,20956,18324,27819,28314
"M477.2741T1894.09",477.2741,31.57,3.382,10.42,0.000953,1.059,1889,7331,14718,4228,3778,8455,63808,95871,93014,84771,67783,50124,88178,82484,75413,53446,71769,87552
"M776.5488T2535.23",776.5488,42.25,2.712,6.55,0.001579,1.059,6298,12148,36254,9476,16580,7321,104894,97168,97914,104461,104288,107902,113443,123222,102036,114962,138242,118333
"M931.6914T2711.51",931.6914,45.19,6.89,118.61,0.001107,1.058,117,58,58,58,1723,463,29480,36555,32429,23694,14936,19284,25230,26853,29016,16054,13345,22545
"M1438.9836T2434.42",1438.9836,40.57,2.814,7.03,0.001857,1.058,7462,1721,8083,7946,10115,6220,64452,57718,60540,56122,49344,46761,81137,80129,68266,58166,58788,66825
"M286.2553T2800.98",286.2553,46.68,3.183,9.08,0.0004505,1.057,854,1761,824,1412,1857,1034,19986,18164,17976,22084,18095,3349,23629,21275,22483,21593,22224,22501
"M1602.0760T2477.20",1602.076,41.29,3.07,8.4,0.0005275,1.057,1581,2791,2922,1517,2736,507,26011,24441,23731,16089,15002,12121,18749,19274,17309,15970,15041,16398
"M741.4532T2408.73",741.4532,40.15,4.684,25.71,0.001414,1.057,3165,723,987,6941,1215,361,45419,39243,42319,49367,53339,46428,148816,148809,151953,136661,147868,137109
"M652.5568T2459.52",652.5568,40.99,1.91,3.76,0.001491,1.057,7109,7109,7109,7109,7109,7109,36177,41273,34133,57917,40187,14219,49921,52605,49059,52982,52865,51413
"M1516.0118T2467.05",1516.0118,41.12,6.158,71.39,0.001722,1.057,1911,245,2736,116,3893,975,93173,102968,100841,72225,75741,65494,95697,98759,98119,78318,81108,78914
"M265.1365T2801.23",265.1365,46.69,5.649,50.18,0.001821,1.057,424,1559,833,74,3381,504,43958,40867,36733,49114,44244,35917,55233,47370,55012,34858,57733,53538
"M727.5511T2801.16",727.5511,46.69,6.1,68.6,0.001963,1.057,7199,407830,62572,98337,277602,61897,7848264,7344103,7066193,8361131,7134841,6179377,9778871,9000173,9421641,8248113,9392331,9179276
"M813.6428T2856.01",813.6428,47.6,7.774,218.85,0.002001,1.057,155,73,146,73,8242,487,90937,79422,76853,89059,72648,68035,115155,112977,102598,88523,108231,104397
"M794.5746T2578.33",794.5746,42.97,5.152,35.56,0.002018,1.057,4341,1381,2325,374,3255,187,61231,57919,61290,53188,52880,48777,73780,75301,69250,62833,59104,63595
"M1185.9225T2610.32",1185.9225,43.51,3.748,13.44,0.0001559,1.056,354,511,952,405,461,110,8070,9337,10712,2248,7725,6901,9119,7960,9608,4846,7057,7302
"M988.7348T2754.96",988.7348,45.92,4.226,18.71,0.001094,1.056,2663,2828,324,618,1865,715,34421,22908,28992,26785,29887,21900,25292,23679,27466,18299,17946,21344
"M770.4988T2469.53",770.4988,41.16,3.749,13.45,0.001895,1.056,1762,3814,9315,881,7998,3363,55090,51829,52811,68714,62612,62674,91313,89075,87564,97677,90745,74880
"M745.5841T2801.34",745.5841,46.69,6.107,68.91,0.002051,1.056,7289,434809,67698,110541,297299,63535,8561217,7881285,7401628,8966399,7614237,6525471,10518777,9414042,9889721,8791581,9726321,10168293
"M1064.3137T2233.53",1064.3137,37.23,7.575,190.73,0.0003455,1.055,208,5911,479,87,371,174,180961,192122,167489,55971,57960,39159,280685,210928,392644,89739,36327,60161
"M1444.1239T2826.31",1444.1239,47.11,5.828,56.8,0.001596,1.055,210,19,38,340,19,286,9621,5182,3750,7068,6040,5537,17873,18084,15791,10691,9910,10025
"M1142.8760T2517.28",1142.876,41.95,4.642,24.96,0.001666,1.055,329,4858,5096,3776,3599,1222,66250,67036,64641,87450,77755,77776,70089,73287,71433,85495,81082,73805
"M604.4332T2801.16",604.4332,46.69,7.19,146.04,0.002063,1.055,2107,2033,1071,110,55,55,70563,62021,60205,72623,63322,56794,83670,76707,80996,73303,80895,82259
"M1368.9514T2424.80",1368.9514,40.41,3.369,10.33,0.0003894,1.054,5101,6414,8733,3282,7625,1475,67080,82305,87428,48598,55197,45899,58787,60493,51331,37401,34896,43797
"M1223.8779T2469.99",1223.8779,41.17,5.432,43.17,0.001242,1.054,245,145,18,245,18,35,4939,4999,4954,4473,2611,1961,7460,5199,7596,7984,3071,3423
"M1568.0620T2492.09",1568.062,41.53,6.461,88.08,0.001942,1.054,294,902,858,23,801,65,37686,31009,31019,26537,27361,22414,40145,37046,35911,25457,27858,30204
"M1085.8400T2468.65",1085.84,41.14,5.664,50.69,0.00217,1.054,113,226,240,4603,1225,537,37984,37191,39949,30864,29170,28707,52610,57268,53479,38758,37168,38020
"M1069.8974T2430.83",1069.8974,40.51,4.228,18.74,0.0002115,1.053,139,336,180,69,146,535,5273,7757,6506,6185,1030,5393,8795,7376,8660,4764,5764,5462
"M314.3586T1600.43",314.3586,26.67,7.759,216.55,0.0005014,1.053,39,903,363,20,52,20,25505,45287,19824,31655,6306,26852,33713,35138,31762,13989,10141,9756
"M1066.8975T2805.22",1066.8975,46.75,5.37,41.37,0.001651,1.053,723,123,247,2198,2792,674,48511,42054,42078,33036,29768,25113,48744,42249,48117,30213,29777,29267
"M1499.8076T1908.93",1499.8076,31.82,3.944,15.39,0.001696,1.053,288,140,126,1422,153,337,5403,5951,4957,5973,6315,3814,6097,8557,8187,10150,8271,4175
"M632.2104T1808.05",632.2104,30.13,5.106,34.43,0.002018,1.053,73,1676,2231,704,1516,619,44344,37751,42365,25554,30065,25751,45456,49195,46120,41602,41170,49549
"M1464.9977T2447.86",1464.9977,40.8,4.016,16.18,0.002415,1.053,7504,10854,19269,2157,19916,1966,158381,145549,164126,146601,141817,140271,275836,277280,259252,217765,237621,243392
"M754.4821T2433.85",754.4821,40.56,1.959,3.89,6.695e-05,1.052,5723,5204,6867,8099,6492,8270,27552,26599,27066,43268,34982,47370,65514,63927,61322,59700,63672,65583
"M1318.8952T2820.35",1318.8952,47.01,5.262,38.38,1.941e-06,1.051,341,170,170,170,343,170,15953,14364,14275,4541,12000,8208,14182,12652,14497,12249,1094,5691
"M161.1206T2725.28",161.1206,45.42,1.232,2.35,1.141e-05,1.051,7392,6256,5563,7157,6390,6477,18435,18739,18498,20558,24431,18470,16470,14272,15863,17483,17797,17951
"M476.8665T357.08",476.8665,5.95,2.342,5.07,0.0001228,1.051,757,520,955,1553,828,897,3321,4949,5628,6504,6347,8960,5325,6075,6294,8588,5528,4311
"M1582.0777T2509.59",1582.0777,41.83,6.278,77.59,0.0003202,1.051,116,636,646,76,371,25,32741,29411,30151,22416,2881,18098,27447,25453,22445,21042,21176,20000
"M1503.0210T2472.55",1503.021,41.21,1.869,3.65,0.001933,1.051,1905,1536,3773,4622,3661,3331,16692,15021,13535,13791,11525,12724,18560,17631,16460,15473,17233,15178
"M1445.0201T2554.00",1445.0201,42.57,4.887,29.59,0.001975,1.051,985,1598,2064,334,2016,97,34883,29323,22411,33057,29518,29611,33667,33275,30249,33654,34432,28598
"M355.2812T2114.02",355.2812,35.23,1.666,3.17,6.016e-06,1.05,17360,25918,28778,21293,18378,18122,99845,94881,85314,100891,88771,60196,198997,175117,158741,153962,147514,175328
"M270.1556T393.08",270.1556,6.55,1.346,2.54,6.051e-05,1.05,8130,7894,8360,11526,9353,5861,30227,30141,34461,25510,26372,20099,21104,24361,27331,36094,27545,24513
"M579.5212T2726.48",579.5212,45.44,0.659,1.58,0.001752,1.05,62365,46902,48129,62584,41058,43125,103600,103536,108356,104601,101644,90856,122739,110743,110849,110019,109792,110145
"M166.1599T2803.80",166.1599,46.73,2.444,5.44,0.002029,1.05,114,435,499,350,469,175,2292,1923,2513,2212,1941,1795,2205,2595,2088,2266,2371,2562
"M744.5871T2801.44",744.5871,46.69,6.134,70.25,0.00239,1.05,11392,807781,107797,201288,564456,133873,15402724,14501008,13872539,16341598,13836869,12012768,19175999,17337704,18233150,15850683,17605589,17943121
"M217.1879T2725.37",217.1879,45.42,1.133,2.19,3.137e-05,1.049,27173,27173,27173,27173,27173,27173,70987,70898,71547,85902,86895,77267,66006,54346,62172,61121,68117,68332
"M1178.9192T2812.10",1178.9192,46.87,4.056,16.63,0.001833,1.049,503,5134,712,794,3515,1300,27266,27993,28055,34988,29897,29205,33341,31599,29975,18515,28094,30277
"M761.5274T2506.48",761.5274,41.77,5.409,42.48,0.002179,1.049,3094,13667,26545,692,13410,6774,344778,360587,342478,364118,348454,356345,355635,373971,338688,368375,359493,340956
"M590.5107T2559.27",590.5107,42.65,7.405,169.43,0.002198,1.049,85,1144,1198,8152,169,85,112379,107969,99226,112165,105832,103720,111524,109385,99530,104853,112474,99546
"M590.5087T2507.60",590.5087,41.79,6.543,93.24,0.002359,1.049,172,3561,343,5911,3011,172,116971,103207,109877,117819,116483,107311,132425,130516,128967,143304,137991,121349
"M535.3679T2801.06",535.3679,46.68,7.03,130.65,0.002458,1.049,194,12078,531,636,9940,387,216323,202629,198667,228752,205276,171455,270251,244196,257872,233791,264838,263740
"M209.1267T422.07",209.1267,7.03,0.905,1.87,0.0002347,1.048,70579,66286,77303,85647,92724,69250,190065,173601,195792,182648,183186,183712,197372,211089,230693,251484,235806,235345
"M1538.0998T2611.12",1538.0998,43.52,7.15,141.99,0.0006818,1.048,26,25,7,13,66,26,9919,10106,9993,5793,152,4106,6874,6872,7162,3674,4183,4553
"M963.7691T2845.57",963.7691,47.43,4.772,27.31,0.002044,1.048,205,1368,217,2588,1873,1126,30024,29954,29594,31106,28668,26965,26633,24463,29416,22546,28545,28892
"M266.2818T1653.06",266.2818,27.55,9.988,1015.26,0.002206,1.048,21,4657,1575,11,115,836,393338,395143,395007,237623,238389,229468,399735,422914,410727,273478,262443,274476
"M378.3468T1573.75",378.3468,26.23,6.363,82.3,0.002229,1.048,796,29,1138,58,29,75,14717,9184,10532,12923,16975,15358,39015,46381,44738,42950,40084,44932
"M306.7398T2102.25",306.7398,35.04,2.166,4.49,6.258e-05,1.047,213,348,300,332,266,291,2234,1201,1390,1376,2349,1796,3289,2576,1390,3620,3497,3241
"M653.5471T2792.28",653.5471,46.54,4.668,25.43,0.001518,1.047,3420,4674,380,3976,6278,1223,68054,70003,67774,92962,87594,88602,62996,56089,60132,72373,69347,72107
"M1397.0278T2536.12",1397.0278,42.27,5.651,50.26,0.001865,1.047,10873,34684,54509,4668,32007,1496,1053971,1068161,996463,714255,682806,628391,904147,892837,838369,659901,644981,630845
"M1410.0287T2534.98",1410.0287,42.25,7.588,192.36,0.002233,1.047,7135,18662,17913,196,17004,1068,1342640,1367081,1321091,990822,964022,862392,1323346,1376634,1277269,998121,994074,1019478
"M1425.0098T2490.80",1425.0098,41.51,4.326,20.06,0.0025,1.047,13403,35945,25875,3390,68922,7098,504134,470409,484724,386402,375718,374468,589145,581684,535175,435136,437057,450698
"M205.1897T2800.44",205.1897,46.67,4.45,21.85,0.002556,1.047,4397,11100,6554,1095,6295,547,91871,92555,89944,103749,96982,79242,112724,104635,107455,100467,118235,109036
"M565.2307T1808.02",565.2307,30.13,5.528,46.15,0.0007136,1.046,273,62,179,337,124,62,16236,29592,12298,746,10707,7409,11859,15068,10044,13214,11614,14642
"M382.3705T1505.14",382.3705,25.09,5.598,48.45,0.002266,1.046,61,356,429,31,1185,102,12004,10767,11850,10701,11580,10947,9985,10829,10207,12002,10538,10738
"M749.5356T2803.58",749.5356,46.73,4.96,31.13,0.002526,1.046,19582,251003,52174,9791,186896,53223,2325521,1982672,1957063,2584169,2215427,2042669,2627852,2358140,2402744,2606662,2868581,2604298
"M1340.9860T2756.91",1340.986,45.95,3.068,8.39,0.0006821,1.045,697,1587,720,532,984,670,15839,12268,12191,10916,2119,8249,15147,13723,14216,14336,7920,11400
"M163.1440T2800.78",163.144,46.68,3.292,9.8,0.002747,1.045,10406,13683,10037,1421,13109,8948,102252,97195,97897,116502,101232,85107,125104,116034,122553,115234,126447,123969
"M1406.2431T2796.25",1406.2431,46.6,3.783,13.77,1.361e-05,1.044,404,441,549,212,737,542,12603,11870,9008,6623,6509,4512,8396,9198,6199,1803,6383,4606
"M564.4278T2801.14",564.4278,46.69,0.769,1.7,3.207e-05,1.044,9860,9860,9860,9860,9860,9860,25991,22878,19720,20717,21473,20000,32121,28818,23746,19913,27516,25608
"M195.0001T2648.82",195.0001,44.15,1.477,2.78,7.271e-05,1.044,748,871,557,870,913,564,2421,3051,2729,2228,2743,2855,2039,1977,2359,2122,2005,2309
"M202.1649T2800.92",202.1649,46.68,2.7,6.5,0.001719,1.044,718,209,885,986,1166,959,5321,6349,6435,7568,7167,4331,7216,7650,7604,6700,4882,7955
"M1396.0244T2535.14",1396.0244,42.25,5.599,48.47,0.002083,1.044,14228,50704,67135,7056,43227,1751,1309641,1356278,1290470,918857,902555,818859,1127521,1148027,1049740,854774,840668,819396
"M1522.8115T1909.16",1522.8115,31.82,3.749,13.45,0.0009095,1.043,66,195,440,704,101,149,4584,3688,4397,2025,5351,2058,3839,5150,4590,3682,4951,2642
"M755.5286T2601.08",755.5286,43.35,4.905,29.96,0.001895,1.043,826,5233,3879,297,5294,593,77268,74373,71237,30855,65136,63753,75414,77234,77435,80357,67690,62639
"M1415.0108T2493.11",1415.0108,41.55,3.909,15.02,0.002118,1.043,4305,8317,9390,6661,25212,1220,157943,150794,149295,105886,100993,96598,158344,155917,141915,105930,108791,108207
"M1383.0104T2500.61",1383.0104,41.68,5.567,47.41,0.002575,1.043,9062,20637,23460,801,20627,1719,515681,504717,497797,384814,374351,351966,541653,542806,511272,401492,397574,441769
"M468.3106T2800.93",468.3106,46.68,7.219,148.98,0.002805,1.043,88,4528,177,88,3306,88,73607,66492,60354,81879,66756,57286,89001,79759,89051,77626,87801,86351
"M463.4211T2800.44",463.4211,46.67,2.734,6.65,0.002914,1.043,1682,9661,7549,11460,9116,8317,64579,57610,58119,66816,58492,50771,75544,68764,71586,64743,75072,71512
"M932.6447T2672.34",932.6447,44.54,4.476,22.26,0.0004692,1.041,2684,3706,2004,1360,3807,302,65687,81929,74080,25711,44070,38933,43446,39862,43339,25685,30244,32380
"M1484.9672T2425.96",1484.9672,40.43,1.529,2.89,0.001458,1.041,1078,1781,1985,2074,2272,844,6353,7715,6639,5504,4736,4791,9323,7445,7237,7309,6255,6464
"M641.5188T2733.62",641.5188,45.56,1.332,2.52,0.001604,1.041,7864,9777,12631,19729,11886,10956,41982,36689,36140,42743,37444,33125,58874,53720,54802,48892,53864,54221
"M1177.9063T2808.76",1177.9063,46.81,4.532,23.13,0.002764,1.041,502,12049,3657,1661,9575,2138,88697,82417,81189,112043,92799,86642,98320,96647,96040,111631,102335,107764
"M522.4494T2388.24",522.4494,39.8,3.234,9.41,0.002826,1.041,1872,1872,11471,3743,10914,1872,45692,51064,50675,62690,37692,35333,77742,77859,72838,69516,61570,59169
"M792.5628T2533.29",792.5628,42.22,5.171,36.02,0.002853,1.041,1429,11971,9392,1078,10197,487,147156,134909,133954,156129,143515,146282,159956,162578,153341,178152,175919,166317
"M273.2514T2800.33",273.2514,46.67,6.197,73.38,0.002906,1.041,96,4499,1055,5915,903,191,86346,80323,82577,94283,84424,73547,105487,91789,100021,88697,97887,97990
"M458.8570T356.71",458.857,5.95,2.588,6.01,0.0005623,1.04,701,445,697,1707,1564,1126,5234,6098,7045,6821,8259,11305,9274,7743,8658,9699,6252,5205
"M264.2660T1554.25",264.266,25.9,8.637,398.12,0.002154,1.04,12,2089,1298,18,41,87,84235,88609,89223,39454,41144,35952,83464,89053,86799,40016,38406,39779
"M1412.9756T2422.92",1412.9756,40.38,3.393,10.51,0.002563,1.04,14969,5215,14704,4263,22614,2132,127471,124362,127968,91528,99334,79898,137386,141436,116475,104857,98274,113776
"M610.5311T2657.40",610.5311,44.29,1.914,3.77,2.987e-06,1.039,15529,18143,16817,12228,16087,17400,87008,89657,83557,73596,73649,60966,214554,190868,195716,210323,181828,176216
"M1477.1165T2807.02",1477.1165,46.78,6.908,120.07,3.888e-06,1.039,224,1127,309,295,356,349,82344,80949,69663,52351,43375,37817,77927,67576,80859,1701,46475,49134
"M163.0756T1581.73",163.0756,26.36,1.583,3,1.163e-05,1.039,7042,7231,7160,6414,4735,4040,26442,29649,25846,22998,19595,16463,54818,54842,46500,41245,39504,38618
"M607.5476T2575.82",607.5476,42.93,1.578,2.99,0.0003076,1.039,3979,4991,3929,6773,2442,3842,15557,26289,15965,12070,14696,14089,16316,15496,14037,14581,14812,14154
"M757.4903T2480.07",757.4903,41.33,2.073,4.21,0.00278,1.039,5008,5891,12711,2447,8785,4894,33437,28849,29901,35050,31533,31895,41917,39359,40562,50315,44981,40937
"M441.2937T2801.06",441.2937,46.68,6.527,92.2,0.003103,1.039,1107,8779,554,554,31989,554,248511,228444,219145,270275,230121,194306,309312,280547,288901,278300,308158,300593
"M501.4216T1557.81",501.4216,25.96,6.905,119.88,0.003179,1.039,24,1431,47,24,773,24,14995,12015,11493,13645,21641,15316,37718,52169,44738,50479,50920,44672
"M740.5979T2179.13",740.5979,36.32,1.849,3.6,2.516e-05,1.038,15690,13421,12027,21452,17644,14445,69841,69076,63452,88222,81865,63483,163949,152567,147327,167705,154837,191117
"M1070.3109T2223.05",1070.3109,37.05,5.55,46.86,3.743e-05,1.038,324,555,258,395,805,79,32300,34180,37336,10186,11597,11757,39463,31022,52048,10195,3181,10660
"M293.2993T1707.38",293.2993,28.46,1.1,2.14,0.0009887,1.038,31646,31646,31646,31646,31646,31646,114078,109403,114874,68357,72838,63292,132199,129415,127215,82565,84795,88166
"M844.7789T2984.11",844.7789,49.74,4.616,24.52,0.002651,1.038,3945,453,743,1897,10796,2809,64854,61081,62276,71348,71551,61217,58419,58692,57551,59379,74646,67868
"M1445.4835T2822.08",1445.4835,47.03,3.399,10.55,1.167e-05,1.037,649,781,535,240,548,432,10232,8919,8733,5531,5154,4334,9265,7970,8332,4150,2096,2646
"M1201.9128T2466.48",1201.9128,41.11,1.1,2.14,0.0005452,1.037,3439,3439,3439,3439,3439,3439,13920,11286,9692,8379,8482,6879,15053,12799,13652,8706,8208,8707
"M255.1625T449.72",255.1625,7.5,1.168,2.25,0.001013,1.037,83507,73656,91219,140547,123120,91673,253699,273006,281856,304431,302993,295189,279379,296631,290415,365174,337135,319529
"M906.7034T2799.92",906.7034,46.67,5.611,48.87,0.00142,1.037,103,206,103,1389,103,884,16344,16711,16001,17657,16098,14014,17931,16821,3048,16161,15722,18741
"M1246.9524T2445.61",1246.9524,40.76,3.074,8.42,0.001719,1.037,248,1075,353,313,1388,209,6717,5990,6789,3886,3065,4357,9199,7728,8193,5238,5240,6122
"M437.2789T1901.57",437.2789,31.69,2.101,4.29,0.002036,1.037,6716,4768,6991,2155,5475,9053,27424,29563,28094,33846,31841,28145,53424,53583,54522,55648,55851,58999
"M828.6701T2803.37",828.6701,46.72,3.757,13.52,0.003311,1.037,529,8818,4052,4982,6508,5237,74701,73877,71854,70678,59334,54573,94480,84942,91372,68824,71775,77362
"M1443.9917T2449.92",1443.9917,40.83,4.026,16.29,0.003443,1.037,5864,9231,30466,2291,19335,1633,186245,155521,170447,129808,134149,120377,302645,297424,275982,213308,227979,221399
"M783.5114T2461.96",783.5114,41.03,2.66,6.32,0.003591,1.037,3443,3250,1858,929,8035,3288,24382,22361,22574,22886,23646,22687,31152,32695,32735,30103,33335,29250
"M1465.9855T2446.94",1465.9855,40.78,4.095,17.09,0.003721,1.037,1684,6012,14548,1753,12780,867,90050,84438,91390,82351,76953,75031,151030,150293,141896,118008,124830,120930
"M714.5824T2790.28",714.5824,46.5,1.989,3.97,7.572e-05,1.036,6982,8144,7737,11187,6348,7256,24102,37630,41788,58537,43795,42421,32574,34617,52169,31995,19459,38220
"M364.9187T357.32",364.9187,5.96,2.584,5.99,0.0001257,1.036,561,571,716,1484,798,374,3960,3973,4839,6593,5589,7794,3727,3891,4482,5703,3859,3079
"M1364.9662T2460.00",1364.9662,41,4.494,22.54,0.0007263,1.036,1248,1406,2897,1391,473,237,31692,33705,32328,27117,23576,21828,19909,20574,21603,17406,6474,16990
"M1411.9706T2421.85",1411.9706,40.36,2.453,5.47,0.003311,1.036,17895,9751,18784,7760,26875,3880,86831,83165,88570,80165,94487,68385,148700,148969,126173,114441,104837,123325
"M584.5098T2639.36",584.5098,43.99,1.364,2.57,5.486e-06,1.035,17780,20134,22522,20930,17704,15937,71428,80141,70268,57944,56788,48526,134426,125915,131406,121449,111563,107876
"M1531.6303T2826.52",1531.6303,47.11,3.708,13.07,4.897e-05,1.035,216,693,917,384,522,307,14566,11484,11457,5219,4522,4320,12157,10674,9804,5883,3319,2573
"M908.7224T2812.40",908.7224,46.87,0.818,1.76,0.0002691,1.035,79137,79137,79137,79137,79137,79137,166183,158274,169876,212136,198430,182144,191686,165141,200488,174377,212381,237889
"M471.4476T2472.00",471.4476,41.2,1.139,2.2,0.002295,1.035,6697,6928,5940,10913,6512,9967,22474,23014,21533,21446,20293,21361,24329,23802,28005,19301,18393,20906
"M801.6210T2805.56",801.621,46.76,5.297,39.3,0.002598,1.035,176,176,176,6027,176,352,18050,17558,10456,22632,22674,20491,23313,21301,17510,22424,23865,22276
"M435.3841T2800.34",435.3841,46.67,3.999,15.99,0.003414,1.035,1325,3112,2650,7099,599,300,32347,29812,30280,37743,33329,29444,40764,37496,37676,37350,43082,42325
"M467.3070T2801.06",467.307,46.68,6.311,79.39,0.00344,1.035,237,14784,939,474,12819,2846,218622,199391,185141,234490,201386,173556,275043,239873,264160,237015,261720,245832
"M341.2139T2801.71",341.2139,46.7,3.341,10.14,0.0005916,1.034,1716,1945,2703,2315,1050,1090,21597,19356,18599,90770,17240,9889,30134,27243,79119,22377,27594,14051
"M809.5724T2736.13",809.5724,45.6,5.113,34.61,0.002139,1.034,1375,3110,153,2726,5105,2644,58779,63778,64575,102193,92038,84009,61040,54938,58348,65158,78493,76418
"M1410.0546T2795.68",1410.0546,46.59,6.513,91.32,0.002755,1.034,1134,55832,5680,16888,567,1610,651522,629396,630247,446087,409301,316367,649202,628486,607860,366317,401478,396076
"M1064.8840T2804.79",1064.884,46.75,4.666,25.38,0.002765,1.034,338,10591,2815,4740,6908,1531,118900,115920,110951,85083,77499,62072,125739,110459,122263,80352,79726,77747
"M1133.8723T2533.09",1133.8723,42.22,4.847,28.78,0.002935,1.034,58,161,29,467,586,504,6830,6404,6963,8978,4695,7751,7387,6965,7419,9313,9320,7707
"M739.5998T2178.23",739.5998,36.3,1.948,3.86,4.615e-05,1.033,24110,24934,22194,42574,34056,27585,143086,131644,120743,181687,169935,116310,345414,323891,315874,349293,323617,385115
"M696.2559T2499.66",696.2559,41.66,1.967,3.91,0.0004692,1.033,967,2579,1168,1919,913,1443,6746,7795,10041,7220,6510,4919,8386,8834,4432,8394,4949,7391
"M254.1604T449.72",254.1604,7.5,1.188,2.28,0.001183,1.033,534084,501431,611219,947918,848979,616562,1736013,1865429,1929136,2007459,2068041,2033547,1859896,2034858,2001098,2504401,2368996,2207155
"M1305.9868T2854.45",1305.9868,47.57,3.217,9.3,0.001652,1.033,1562,2950,1407,340,2484,1444,20198,20859,20182,13351,15454,13509,16963,15366,15431,14928,10133,11322
"M1425.9713T2419.91",1425.9713,40.33,6.073,67.34,0.003189,1.033,89,839,5292,1551,89,178,47155,44297,47171,38990,35150,31136,53565,49646,42586,35305,35376,41049
"M423.3924T2727.61",423.3924,45.46,0.779,1.72,0.0002691,1.032,6329,5926,6256,7075,5122,6068,11808,13057,12112,15600,15634,13420,12993,11872,12152,13047,12698,11781
"M1172.6108T1907.80",1172.6108,31.8,1.948,3.86,0.0002786,1.032,1615,2435,2790,2031,1593,2525,14188,13334,14449,7211,12890,5400,22080,24406,23240,18059,24633,19075
"M982.5813T1939.25",982.5813,32.32,5.923,60.68,0.000553,1.032,922,49,49,49,99,49,12150,17005,8365,32892,1154,1932,26247,24040,22700,21741,24923,27741
"M1418.0977T2808.90",1418.0977,46.82,3.702,13.01,0.0006518,1.032,122,245,1247,823,511,410,13149,11846,8810,6654,3277,4857,20058,17673,18934,5834,10065,7612
"M776.7131T2951.04",776.7131,49.18,2.956,7.76,0.002756,1.032,2121,16591,7463,7804,15752,10383,78759,82095,79097,89583,91840,80834,75990,78389,73807,72279,91592,81579
"M469.3194T2801.16",469.3194,46.69,5.705,52.15,0.003664,1.032,734,3494,1007,64,2826,128,46668,42018,39696,48702,43125,34134,56551,49541,55349,50235,54478,55942
"M618.4486T2801.13",618.4486,46.69,3.262,9.6,0.003973,1.032,3269,2871,1191,543,5743,4867,31194,29660,28133,30935,30819,24764,41858,38582,37288,35942,40295,38017
"M1200.9188T2466.07",1200.9188,41.1,0.946,1.93,8.882e-05,1.031,4990,4990,4990,4990,4990,4990,14943,14497,14099,10426,10833,10601,19243,15616,17194,10262,9980,11804
"M226.1542T421.11",226.1542,7.02,0.941,1.92,0.0006248,1.03,220632,211141,269958,301641,311151,200894,649354,570227,668734,601204,611002,606313,542216,614540,742468,780007,697767,741637
"M729.7792T2579.20",729.7792,42.99,4.417,21.36,0.0007549,1.03,397,447,404,42,505,83,3160,4445,7597,2869,11125,16182,12774,13208,11686,14407,12047,6232
"M660.2423T1943.95",660.2423,32.4,3.952,15.47,0.001535,1.03,1765,481,3339,244,1762,2093,37896,33079,28905,24563,18409,9910,39816,32185,35332,16815,25016,37289
"M1278.7064T1902.93",1278.7064,31.72,4.113,17.31,0.00233,1.03,343,345,631,2800,121,241,9500,11176,10303,11909,7017,8303,13394,11887,11328,3938,9900,12944
"M523.3543T1938.59",523.3543,32.31,1.273,2.42,0.002563,1.03,15023,25081,33121,31964,15073,15797,66688,74233,65183,76066,67418,53041,84184,80127,65621,75997,73604,88468
"M1457.0328T2550.85",1457.0328,42.51,5.289,39.1,0.002905,1.03,526,1551,3290,198,1692,62,32759,34520,16906,38510,35983,34882,36109,41241,33937,41500,36806,35617
"M970.7605T2741.28",970.7605,45.69,1.213,2.32,0.0004225,1.029,20713,20269,18440,32482,16617,17269,68501,69683,68346,58208,53029,51552,61369,57228,60555,44102,42675,45013
"M686.9074T2498.07",686.9074,41.63,2.518,5.73,0.002742,1.029,3159,2810,5672,2903,3054,611,20111,20721,13747,21228,19927,18421,21130,18473,19280,19446,21253,20374
"M1507.0223T2469.07",1507.0223,41.15,2.524,5.75,0.00333,1.029,1122,4327,2149,1885,4674,720,17117,17200,18025,13184,14453,11017,20644,22584,21288,14787,16158,15556
"M771.5007T2470.07",771.5007,41.17,4.177,18.09,0.004241,1.029,1656,3078,314,314,5742,628,24254,24625,25305,27073,27215,26501,38035,38845,38441,38918,36466,35358
"M346.9082T356.99",346.9082,5.95,2.142,4.41,0.0002059,1.028,658,466,559,1166,953,922,2760,4077,4001,4913,4530,6007,3599,3106,3603,4473,3605,2695
"M1502.0257T2466.86",1502.0257,41.11,1.452,2.74,0.0002692,1.028,2426,3288,4666,3975,2954,3034,16171,11288,9985,7891,13942,12893,21479,21628,19856,19865,18993,18350
"M1331.3714T2823.13",1331.3714,47.05,6.037,65.65,0.0007986,1.028,674,1015,436,177,89,541,67209,64568,64765,51557,1632,39682,63608,60506,57660,38493,19126,27513
"M328.8985T356.92",328.8985,5.95,2.632,6.2,0.000897,1.028,211,297,625,1004,494,683,2861,3623,3739,4114,4046,5406,3383,2941,3456,4107,3110,2542
"M1478.8220T1908.21",1478.822,31.8,4.182,18.15,0.002216,1.028,592,180,443,980,57,95,5823,6915,4891,4526,7115,6573,3705,6919,6462,8348,5977,3255
"M699.6524T2845.45",699.6524,47.42,1.648,3.13,0.002441,1.028,22152,20281,20561,45406,32887,42957,115227,116609,115139,132771,118266,107141,108773,101034,109746,99611,107202,103171
"M909.7258T2812.47",909.7258,46.87,0.763,1.7,0.0003213,1.027,50612,50612,50612,50612,50612,50612,101368,101224,102164,127700,125522,110817,113131,105783,123226,105754,125758,148300
"M1417.0942T2809.30",1417.0942,46.82,5.884,59.07,0.001253,1.027,63,168,63,3084,63,126,23350,22102,18884,20516,2603,6174,31790,32206,30922,26565,15501,14720
"M270.1838T608.02",270.1838,10.13,0.628,1.55,0.001342,1.027,68153,63285,101037,71375,69817,63710,151151,137773,158893,141462,135412,138206,152227,185302,156997,134250,162340,143635
"M1441.0280T2508.16",1441.028,41.8,4.183,18.16,0.003643,1.027,2920,11683,19856,1383,13242,1322,136657,132630,135693,103267,104666,102637,136171,139485,124588,120824,114156,109177
"M1404.9938T2496.02",1404.9938,41.6,2.912,7.53,0.003803,1.027,6032,7462,8735,1495,9318,1513,49953,48418,47347,42017,38609,37656,54290,52578,51537,42302,40677,40444
"M1482.0280T2475.78",1482.028,41.26,6.079,67.6,0.004218,1.026,1959,3497,5033,53,6673,924,155984,138299,145317,122583,114987,112963,197237,202413,177832,155656,156375,162076
"M595.5711T2714.71",595.5711,45.25,1.019,2.03,5.823e-05,1.025,18132,21196,24357,26004,23777,20942,62871,70923,66797,58968,43150,51503,59858,65536,62279,56486,35741,54662
"M1462.9995T2443.28",1462.9995,40.72,2.625,6.17,0.0006004,1.024,1159,2537,4078,4405,4189,1878,25704,22999,30420,18827,15393,20358,35669,35120,12711,11577,28614,31804
"M294.3101T1815.29",294.3101,30.25,1.076,2.11,0.00125,1.024,6163,6163,6163,6163,6163,6163,23004,19226,22007,12366,15070,12326,28103,28867,27399,20440,23540,24139
"M974.1010T2836.79",974.101,47.28,5.948,61.75,0.00291,1.024,88,3260,322,44,191,44,19292,17914,16973,12390,11828,10397,18305,18220,17381,12456,5839,9853
"M1245.9501T2446.03",1245.9501,40.77,3.741,13.37,0.00371,1.024,77,1209,1056,782,1295,356,13394,11852,12382,8180,7982,7353,18974,15345,16504,10314,10845,11438
"M775.5436T2535.19",775.5436,42.25,5.244,37.91,0.003875,1.024,4849,8404,25385,518,14409,1036,226519,210114,209467,232335,220396,215844,218378,218823,206399,238383,239848,221727
"M980.6331T2845.32",980.6331,47.42,3.256,9.55,0.001586,1.023,1158,9273,2470,1158,2315,1158,35647,31522,30659,22476,19438,19263,36183,34903,31743,25561,12689,14508
"M1409.0531T2795.68",1409.0531,46.59,5.347,40.71,0.003365,1.023,2184,167292,32572,42339,64626,11474,1903351,1809696,1809273,1223265,1143678,905706,1898685,1817458,1781733,1076444,1153867,1172292
"M1387.4970T2499.09",1387.497,41.65,2.944,7.69,0.0001021,1.021,996,935,1813,566,1219,754,10282,11920,11590,8522,8270,8460,2450,10169,9424,5326,6987,7763
"M479.1940T2048.98",479.194,34.15,2.812,7.02,0.0003787,1.021,903,903,903,3286,1805,903,9016,9454,9701,17473,14099,10769,41637,42659,46480,40417,39663,41229
"M1599.0634T2465.69",1599.0634,41.09,4.276,19.38,0.004102,1.021,2111,2436,3020,3491,1849,107,46154,41804,45006,32466,32361,28877,46978,48163,42207,36134,34340,42078
"M256.1755T489.21",256.1755,8.15,1.446,2.72,0.0009487,1.02,15633,17750,20077,36426,30487,21936,69901,62177,73285,89640,94871,95067,75650,86573,79349,98706,91137,88672
"M1539.5626T2843.52",1539.5626,47.39,2.92,7.57,0.002774,1.02,260,2310,928,528,1433,685,8825,9637,8695,7506,7316,6213,9659,9021,8714,6276,4538,5693
"M1399.0297T2537.47",1399.0297,42.29,5.303,39.48,0.003475,1.02,3742,7755,6844,216,6659,583,143761,154951,149158,97408,99079,91388,125583,125540,120018,93195,88980,90388
"M735.5236T2480.56",735.5236,41.34,4.239,18.88,0.005035,1.02,13848,52390,317719,10197,119465,32290,1143648,1093443,1138784,1150054,1105486,1052979,1488978,1504382,1413474,1471716,1462624,1390215
"M1598.8720T1911.21",1598.872,31.85,3.681,12.82,0.001449,1.019,356,81,186,957,273,114,3192,3028,3495,5276,4594,4040,2660,3029,3496,2762,3065,1598
"M1444.9971T2449.39",1444.9971,40.82,3.463,11.03,0.004863,1.019,3534,5648,18906,1496,13848,1418,86069,75214,77802,59433,59472,52003,111801,113256,99315,78196,82848,80935
"M952.6087T2812.09",952.6087,46.87,2.745,6.7,0.0001996,1.018,7718,23417,10273,7167,10154,6337,114614,115540,96793,31914,102557,85778,92815,90300,98206,31901,100127,104412
"M1497.9664T2426.87",1497.9664,40.45,1.753,3.37,0.001205,1.017,1410,1354,1816,1521,2399,665,7403,7482,6372,5773,5125,5491,7443,6616,7569,6205,4257,3501
"M1454.0468T2525.37",1454.0468,42.09,4.279,19.41,0.00482,1.017,2411,6890,27944,1188,12191,1053,129957,115126,113564,109671,98207,96010,143434,133368,119646,118619,115507,106198
"M1407.0387T2794.84",1407.0387,46.58,5.468,44.27,0.003969,1.016,2863,250041,51903,76921,164736,25917,3743836,3663309,3346306,2401419,2198264,1758715,3800322,3647149,3426163,2121674,2265125,2265238
"M426.3838T2381.22",426.3838,39.69,1.676,3.2,0.003266,1.014,5640,2284,4141,8431,5056,6586,22743,24613,23833,18517,19270,15553,38399,39138,38323,29917,34633,35333
"M1498.0558T2514.59",1498.0558,41.91,3.294,9.81,0.00455,1.013,1450,2190,6170,907,2521,288,22681,22015,21981,18288,16055,16580,23778,23559,21176,21093,17075,14746
"M617.5324T2567.54",617.5324,42.79,4.445,21.78,0.005098,1.013,318,453,544,5628,4508,3783,40973,39793,39080,40811,38665,36966,43174,43063,43039,40182,43542,37948
"M1476.8147T1908.95",1476.8147,31.82,4.796,27.78,0.001385,1.012,84,191,267,2288,77,119,5036,6885,6582,3763,11375,19727,6272,7394,6744,12910,7644,4346
"M1408.0448T2795.26",1408.0448,46.59,5.448,43.66,0.004277,1.012,2673,261688,54045,80517,164549,29428,3824287,3637354,3554044,2471693,2222974,1742762,3833040,3702605,3548568,2184317,2323232,2285344
"M683.5919T2845.91",683.5919,47.43,2.547,5.84,4.736e-05,1.01,4647,4647,4647,4647,4647,4647,29331,30835,29274,38663,37633,48206,26558,9293,26088,27998,55034,32946
"M1519.0314T2467.66",1519.0314,41.13,3.52,11.47,0.004835,1.01,1791,194,3984,797,2514,813,19625,19373,19776,14837,14933,14318,17370,18712,17229,15621,15942,16441
"M1202.9175T2466.99",1202.9175,41.12,4.1,17.15,0.0004176,1.009,93,250,93,667,93,185,4496,4993,5179,4445,1946,2866,6530,5804,5265,645,2535,2662
"M195.1108T451.89",195.1108,7.53,0.644,1.56,0.0004535,1.009,90317,76412,86808,84910,100982,67730,156949,167473,162797,164138,183303,182645,172018,181318,183402,207337,202563,192733
"M1209.2461T2394.85",1209.2461,39.91,1.895,3.72,7.615e-06,1.008,2314,2668,2573,3551,2622,1756,12492,15188,16479,11569,8842,9964,35192,35043,33584,47424,33582,37481
"M382.2981T2179.26",382.2981,36.32,1.099,2.14,3.105e-05,1.008,252375,244636,228862,306895,293636,242075,659713,723570,652945,862074,800360,642851,1229946,1252431,1149473,1312781,1340418,1436737
"M240.2608T1686.36",240.2608,28.11,3.595,12.08,0.0007204,1.007,69,120,210,26,156,130,2901,3254,2697,1750,568,524,1895,1706,960,1741,1285,1404
"M256.1755T515.21",256.1755,8.59,1.59,3.01,0.0008839,1.007,7512,9320,10762,16404,16488,11609,38434,43688,45404,47985,48060,46442,88871,34071,89702,53495,41630,42911
"M1268.9179T2442.88",1268.9179,40.71,3.653,12.58,0.001153,1.007,64,383,159,527,127,64,2991,2577,3572,1417,2756,2818,5500,4808,930,1435,3778,4201
"M381.2956T2178.93",381.2956,36.32,1.09,2.13,3.223e-05,1.006,1130791,1036462,984245,1332891,1254535,1000283,2826084,3068652,2803086,3751509,3376370,2709836,5412112,5320995,5031985,5796602,5725583,6031792
"M265.2375T363.86",265.2375,6.06,3.408,10.61,0.0003962,1.006,474,1319,1718,3230,2196,1710,15264,16800,17057,27396,29367,24552,9977,9026,16480,10468,15873,30445
"M1522.0353T2467.66",1522.0353,41.13,2.451,5.47,0.001395,1.006,1622,461,962,1003,1991,704,10406,2158,9858,9596,7880,7480,12480,11676,10931,8373,8108,9118
"M1566.9510T2602.41",1566.951,43.37,5.447,43.63,0.003229,1.006,12,40,24,12,53,50,5076,3716,4724,64,2222,938,4357,4176,4375,1950,2008,2230
"M1256.7158T1903.70",1256.7158,31.73,3.348,10.18,0.006667,1.006,331,159,882,3599,274,797,6976,8801,7816,8609,6239,7283,9319,11291,11162,11839,10996,9758
"M617.5069T2694.67",617.5069,44.91,0.736,1.67,0.0001107,1.005,71992,56435,59250,65233,51788,62228,147299,144250,138619,127308,123743,107969,202773,193793,189429,210327,190850,174101
"M626.5538T2430.14",626.5538,40.5,2.401,5.28,0.0004732,1.005,1257,4628,3961,3784,1830,2034,13638,45793,19361,14613,14726,12572,13983,13963,14358,13155,14163,16367
"M1289.4646T2827.36",1289.4646,47.12,6.021,64.92,0.001025,1.005,170,5282,400,441,687,85,76987,60524,54127,24320,25556,20468,63718,62295,59846,24584,5463,12298
"M618.5144T2694.86",618.5144,44.91,0.815,1.76,0.001521,1.005,31440,23365,25107,19343,21063,28762,62667,59901,58804,55124,49075,49722,84631,81793,79919,87770,78643,69928
"M1155.2749T2614.33",1155.2749,43.57,4.466,22.1,0.001656,1.005,313,348,171,260,53,470,11937,9842,14031,10152,518,7506,7224,7378,7379,7291,6530,6920
"M1518.5840T2838.36",1518.584,47.31,2.628,6.18,0.002834,1.005,181,1543,755,589,772,457,5789,4850,5645,4323,4193,3951,5315,4883,5142,2998,2639,3338
"M1304.9808T2854.69",1304.9808,47.58,4.212,18.54,0.003379,1.005,1474,2308,148,252,1991,1241,24686,23940,24039,16506,17316,14511,18193,16491,19146,12166,10230,12883
"M1187.2223T2379.95",1187.2223,39.67,2.653,6.29,0.0002539,1.004,1656,930,382,797,709,576,10302,7805,9572,2839,4934,5116,23401,22497,20890,32274,21594,20518
"M1577.9319T2602.23",1577.9319,43.37,3.78,13.74,0.0008092,1.004,28,58,157,28,80,11,396,1123,414,974,1311,841,6400,5624,6026,2480,2366,2049
"M640.5626T2733.62",640.5626,45.56,0.615,1.53,0.002879,1.004,30354,28481,28773,38246,35774,35390,62698,66254,62157,67003,66722,62423,79359,81911,75584,77710,78940,77264
"M1426.0120T2491.05",1426.012,41.52,4.63,24.76,0.006142,1.004,4400,19684,57030,1556,42149,2476,365670,338520,345913,283232,273369,258871,415484,418541,381397,311178,320759,315220
"M964.7041T2681.86",964.7041,44.7,5.709,52.3,6.288e-07,1.003,368,849,368,368,736,368,41154,42261,42260,22786,28216,23088,28654,27439,2103,3332,17282,43561
"M774.5843T2806.98",774.5843,46.78,4.272,19.32,0.003201,1.003,3059,5710,318,6352,595,488,116366,43453,32768,32299,24631,18771,154259,85249,65030,64759,64307,50258
"M1522.0508T2515.13",1522.0508,41.92,3.12,8.7,0.001655,1.002,1094,1553,2062,773,2948,290,13937,14173,13576,9456,9878,18566,10776,8692,10158,7552,8130,8180
"M807.5712T2571.31",807.5712,42.86,3.305,9.89,0.001743,1.002,1460,3294,3351,1793,4085,581,31952,32763,29980,45486,4280,48649,36837,41083,36011,52139,38287,36718
"M522.3513T1938.59",522.3513,32.31,0.884,1.85,0.002603,1.002,91236,83923,110754,96063,111626,50545,213698,230271,209421,236513,221552,156247,270168,253824,199552,228861,234505,273597
"M755.5273T2487.07",755.5273,41.45,2.382,5.21,0.004403,1.002,7087,6147,5741,955,6354,3932,44498,30274,32234,22233,23641,24350,43309,37208,40629,29703,31491,24943
"M413.2551T2801.88",413.2551,46.7,2.983,7.91,0.006811,1.002,11185,6488,1157,6103,20040,3375,60517,56688,55502,69707,58845,50361,78483,70247,69660,69724,76726,72623
"M498.2556T1890.69",498.2556,31.51,3.184,9.09,0.002419,1.001,2389,6335,9128,1194,14496,5571,97053,77285,78616,58565,47184,21339,100656,90676,89256,41377,72618,98097
"M244.2093T455.72",244.2093,7.6,3.295,9.82,0.003779,1.001,364,986,2532,4580,498,2182,12150,12864,14253,20993,19703,20389,14923,13487,15542,15802,20636,16225
"M1159.8066T2933.20",1159.8066,48.89,4.755,27.01,0.004744,1,159,2525,1100,79,2395,338,23512,23163,22892,16439,16644,14987,19030,17317,19796,13850,11823,14504
"M544.3325T1939.27",544.3325,32.32,1.479,2.79,0.002557,0.999,14175,13055,17372,5582,16472,7737,41786,47615,45989,52827,42659,24111,54771,47386,41402,40324,46441,57925
"M1306.9849T2856.19",1306.9849,47.6,3.764,13.58,0.003413,0.999,1096,2060,996,503,94,1280,16475,16149,14705,9897,10844,9447,13018,11177,12724,7600,6625,8044
"M442.2969T2801.06",442.2969,46.68,6.187,72.83,0.006743,0.999,3913,3699,196,98,8997,98,78925,69430,72273,88920,74383,64556,94837,87875,92421,88121,94752,93245
"M294.2961T1706.53",294.2961,28.44,1.725,3.31,0.001208,0.998,1827,1827,1827,1827,1827,1827,11655,10913,8303,6980,8356,3654,13829,11600,15107,6416,4670,5500
"M1398.0299T2536.14",1398.0299,42.27,6.262,76.76,0.005566,0.998,4939,16427,23775,122,11093,1005,449882,487151,451696,313084,301438,266764,392367,395352,382051,284823,281029,278238
"M1307.3374T2930.48",1307.3374,48.84,3.871,14.63,0.005589,0.998,521,1153,684,60,1079,91,8677,9198,8180,5921,6430,4427,9390,8576,9314,5799,5602,7021
"M953.6036T2818.23",953.6036,46.97,3.167,8.98,0.0007042,0.997,6177,39492,12479,6312,13923,5870,189689,188300,170246,84364,92951,80329,159697,158156,159394,77948,50288,57054
"M248.1352T421.83",248.1352,7.03,0.974,1.96,0.0009487,0.997,64305,54945,54136,70428,74027,84345,131554,180460,154328,170703,181234,197584,268935,262508,170528,195435,229006,177524
"M256.1674T447.20",256.1674,7.45,1.011,2.01,0.001374,0.997,6968,9079,11871,11078,13811,9130,20521,38367,24296,26641,24946,25612,24240,27066,26069,29291,26292,27071
"M1472.0341T2480.07",1472.0341,41.33,4.688,25.78,0.002556,0.997,971,2016,9058,352,3890,331,78002,48899,46770,53498,56001,20492,35003,37834,32109,28311,26194,26216
"M1327.3840T2829.53",1327.384,47.16,4.046,16.52,0.002887,0.997,275,1536,1249,90,189,589,11801,10423,10735,7173,7736,6802,13411,13554,3705,5290,4777,5644
"M1500.8025T1908.67",1500.8025,31.81,4.415,21.33,0.003892,0.997,322,91,46,1457,46,347,3830,6215,5768,2054,6826,7043,5193,6461,6245,8072,7118,3372
"M1065.8855T2805.04",1065.8855,46.75,4.793,27.72,0.006037,0.997,172,10685,1851,5428,6089,666,91853,89731,87391,66947,62509,52244,96161,87325,94818,64681,59961,65079
"M1175.9018T2808.39",1175.9018,46.81,5.287,39.04,0.006582,0.997,2425,28506,5983,222,19412,6907,238650,226889,215844,287506,251011,240069,255549,254753,249523,298259,272278,281449
"M951.5280T1895.35",951.528,31.59,3.192,9.14,0.0002828,0.996,641,511,1603,1787,1434,453,19669,18469,15253,6466,10023,4596,32240,23179,22880,3683,14403,31441
"M482.3239T1937.94",482.3239,32.3,5.94,61.38,0.00472,0.995,392,784,392,40779,392,392,43993,91853,51371,100922,96152,92686,59768,63011,57562,69351,62120,61088
"M1411.9904T2819.11",1411.9904,46.99,3.83,14.22,0.003444,0.994,1669,51016,10120,10135,27467,6434,306860,291648,280274,201039,67933,172952,321134,331719,285340,186177,184148,183375
"M1332.3625T2824.32",1332.3625,47.07,4.371,20.69,0.004281,0.993,1050,3997,1070,522,78,279,18026,18280,19864,15738,15430,11701,19275,16638,16028,11075,6287,9281
"M1320.0248T2863.26",1320.0248,47.72,2.841,7.16,0.0002444,0.992,1176,3123,2105,727,1757,1495,18106,19193,17534,12197,10852,11492,15204,14503,16354,3114,9270,9860
"M1427.0141T2491.09",1427.0141,41.52,4.348,20.36,0.007143,0.992,2688,8493,38249,937,22944,1586,177678,158643,162718,137004,129570,120740,189458,181774,171894,137874,137186,141224
"M359.3118T2178.82",359.3118,36.31,1.19,2.28,2.006e-05,0.991,147500,147584,137013,186024,169989,138623,428734,441153,405126,552766,515064,392988,929325,913055,828549,966326,995320,1102625
"M755.2316T2802.41",755.2316,46.71,2.76,6.77,0.001406,0.991,2709,1350,1581,646,352,1177,14388,9173,9405,14623,2784,13728,17576,10309,14057,11405,6244,12024
"M1419.0047T2515.15",1419.0047,41.92,2.837,7.15,0.002865,0.991,7620,14415,14756,2504,12978,2054,88718,80959,80365,21129,76215,72018,89162,92406,87563,80440,79358,75743
"M661.5096T2732.53",661.5096,45.54,1.357,2.56,0.00725,0.991,45226,37315,49696,12950,37710,25899,118082,101451,104160,117501,114261,82992,168766,160157,150491,127783,157130,144029
"M1495.0267T2764.76",1495.0267,46.08,4.965,31.23,0.0007516,0.99,46,966,525,363,461,98,17895,19858,16669,8394,4281,7787,14434,12967,2281,4107,5358,5775
"M1300.7073T1902.39",1300.7073,31.71,4.257,19.12,0.007272,0.99,516,340,316,2553,68,38,7405,8192,6628,6337,6494,5010,9888,7736,8856,4366,7780,9082
"M438.7655T611.04",438.7655,10.18,1.557,2.94,0.006615,0.989,778,1650,1180,2621,2987,1529,6466,5470,6346,6025,6329,6385,6590,6331,7309,6269,7832,8767
"M286.2865T2170.71",286.2865,36.18,0.723,1.65,0.0003417,0.988,5729,6406,6127,6304,6896,5904,11985,16704,11413,14011,14716,11498,17519,18056,14450,20034,18497,20223
"M1411.9904T2785.86",1411.9904,46.43,3.686,12.87,0.005235,0.988,1526,42131,8964,18685,24651,5442,208939,203234,194888,216942,91329,185554,193912,208181,145145,202604,148412,135113
"M409.3710T2800.44",409.371,46.67,5.386,41.82,0.008004,0.988,123,5663,150,7216,5233,1621,77930,72119,69903,82714,74244,65467,96152,82013,90656,78392,89262,87800
"M767.6663T2869.53",767.6663,47.83,1.708,3.27,0.004035,0.987,17677,31801,42003,89259,26678,32996,154965,149891,127945,183424,186753,102620,352414,355258,304861,282042,299766,247561
"M617.5422T2612.58",617.5422,43.54,2.151,4.44,0.006584,0.987,5659,3163,4140,16713,12972,11694,48880,48637,46795,34313,44223,39589,53072,50111,52835,31446,47022,43656
"M1233.7355T1904.71",1233.7355,31.75,3.869,14.62,0.007066,0.987,244,1045,729,4243,84,234,5640,9462,10032,10031,11112,11785,13116,18663,18127,39972,24486,12182
"M1431.0162T2528.45",1431.0162,42.14,2.917,7.55,0.007256,0.987,7440,12363,12294,1330,12854,1939,59652,60554,56923,57106,53467,51472,56981,56219,56780,55783,50895,48776
"M215.1661T2800.73",215.1661,46.68,0.861,1.82,0.002496,0.986,11446,11446,11446,11446,11446,11446,22891,23060,24286,38854,32361,23263,35170,31309,40885,40202,43475,40861
"M625.5380T2430.84",625.538,40.51,4.389,20.95,0.003762,0.986,310,6113,4758,4745,455,565,31423,103035,42719,33679,31776,29142,30724,31057,29025,31677,31131,35415
"M1299.3277T2826.04",1299.3277,47.1,4.708,26.13,0.003892,0.986,158,3532,4047,316,3659,966,59471,52008,52927,30367,30010,25028,53508,55115,50486,24985,13775,19141
"M1582.8912T1906.22",1582.8912,31.77,3.342,10.14,0.00603,0.986,198,212,200,2231,394,80,3252,3087,3624,4902,3881,4309,3123,5070,4665,6139,4565,2356
"M763.4429T2406.92",763.4429,40.12,1.865,3.64,3.738e-07,0.984,3595,3173,3482,3268,3432,3963,17314,15231,15393,16931,15385,18102,64012,61325,69021,62134,72561,60069
"M932.8585T2693.85",932.8585,44.9,1.346,2.54,0.001365,0.984,9223,11448,9264,8603,6959,7523,35407,46851,36479,24846,22679,16180,33022,29244,32084,20167,18730,19099
"M422.3705T2800.06",422.3705,46.67,1.916,3.77,0.008288,0.984,2417,3589,2640,3462,518,2387,10484,10295,9988,13262,10472,8788,12267,12364,11014,11514,15365,12681
"M417.3194T1277.17",417.3194,21.29,1.511,2.85,0.002554,0.983,2499,2499,2499,2499,2499,2499,12887,13226,14228,7086,4998,7038,6760,9317,8905,5700,9596,6045
"M1536.0472T2854.32",1536.0472,47.57,2.677,6.4,0.006017,0.983,465,4139,3666,1314,3273,907,16352,16349,16582,15206,11456,11327,10752,16412,14715,13134,10331,12796
"M1300.8337T2926.17",1300.8337,48.77,3.087,8.5,0.006331,0.983,804,2053,1659,123,1505,473,10296,11839,10243,6262,7727,6927,10735,10380,10928,6916,6719,7231
"M954.6013T2820.11",954.6013,47,3.048,8.27,0.001471,0.982,4949,19749,7952,1859,8283,3766,96751,93914,84254,46281,46935,40271,78680,80568,75909,41468,25498,31040
"M990.7286T2694.57",990.7286,44.91,6.028,65.26,0.005683,0.982,2110,343,79,79,8520,158,40640,45105,44339,31884,30278,27810,29854,38490,27392,16324,17627,21560
"M1402.5244T2536.47",1402.5244,42.27,5.733,53.18,0.007291,0.982,183,2234,2091,273,1309,12,31395,33862,32535,24646,21217,21308,27776,25790,29273,22971,20561,23121
"M768.5441T2626.04",768.5441,43.77,7.88,235.49,0.009691,0.982,387,194,194,194,570,194,168970,263987,282222,194,324129,310306,288336,286289,306478,252544,264560,261674
"M267.2652T2179.35",267.2652,36.32,1.178,2.26,9.474e-05,0.981,48903,40614,39717,54703,54551,43165,121876,127322,117387,173141,164120,122249,280394,268991,249485,309567,303881,320951
"M1480.8114T1907.22",1480.8114,31.79,5.004,32.09,0.006177,0.981,41,265,48,2579,37,82,4895,6620,5429,5405,5904,3722,3412,4051,5092,6396,5366,2429
"M1537.0584T2857.10",1537.0584,47.62,2.871,7.31,0.006842,0.981,263,3879,2258,1693,2631,826,16777,15391,14619,12445,11055,11607,13980,14631,14828,11847,9697,11006
"M341.3018T2179.25",341.3018,36.32,1.153,2.22,6.045e-05,0.98,194981,191070,180413,252795,242874,194037,550894,571981,527272,739198,676341,540721,1217684,1218279,1120958,1331550,1354496,1429889
"M241.7049T773.76",241.7049,12.9,1.106,2.15,0.001817,0.98,936,2215,1687,1968,1519,1596,5542,5187,4127,4117,4804,3288,5351,4338,4997,4921,5080,2828
"M1452.7759T1902.65",1452.7759,31.71,4.532,23.13,0.005129,0.98,51,278,258,1845,106,30,3372,5970,5700,7603,4223,4169,4252,3976,6265,2122,3058,4554
"M543.4723T2726.00",543.4723,45.43,3.759,13.54,0.007748,0.98,404,808,931,14245,404,1312,24143,19949,18550,25039,14530,20209,23077,18128,20160,21732,20077,19993
"M1540.5649T2843.97",1540.5649,47.4,3.81,14.03,0.001801,0.979,93,883,229,186,888,342,6657,7586,7119,4980,4938,4259,9895,3671,8619,3958,1006,4364
"M1300.3446T2824.51",1300.3446,47.08,2.757,6.76,0.002947,0.979,765,4529,1461,438,1901,987,15839,14691,13712,8987,8270,7756,16731,16551,14537,9062,5097,6574
"M1298.3244T2826.31",1298.3244,47.11,5.757,54.09,0.005234,0.979,587,1726,5487,45,6649,1423,123521,109687,110919,59220,57988,53317,108610,114682,98994,51834,26531,37120
"M1417.0059T2494.66",1417.0059,41.58,2.177,4.52,0.001431,0.977,2288,4653,3624,1528,5348,1291,19571,20001,19024,8945,16813,14424,20179,20377,17247,6406,14869,14946
"M1043.9468T2609.07",1043.9468,43.48,2.828,7.1,0.002182,0.977,886,2993,2688,2220,2479,358,19321,25371,26191,6805,15434,6207,63449,60815,68167,54324,44142,48894
"M521.4460T2388.65",521.446,39.81,2.92,7.57,0.01062,0.977,18601,6648,45366,3324,33391,3324,143220,127691,133125,93176,95575,83066,197137,203383,189520,161023,159552,155138
"M1065.0738T2231.90",1065.0738,37.2,3.374,10.37,0.0001037,0.976,5015,4673,7163,3013,10347,7754,102599,97558,89920,67005,68005,57039,103199,80354,139562,34992,13668,24991
"M1320.0398T2614.45",1320.0398,43.57,6.351,81.63,0.0003193,0.976,62,288,266,43,23,210,14395,14881,14375,7334,7378,8183,13433,12318,9319,192,6470,7413
"M297.0839T1305.06",297.0839,21.75,1.971,3.92,0.0091,0.976,3902,8127,6248,19799,15467,20320,41924,59426,59436,56660,52396,47160,52771,71193,68686,73917,87490,55072
"M1524.8221T1915.87",1524.8221,31.93,5.02,32.44,0.0008372,0.975,65,77,83,1405,91,82,5407,6573,7713,1641,7550,7033,3158,4412,2098,854,5585,2510
"M966.0999T2822.11",966.0999,47.04,3.672,12.74,0.004385,0.975,970,27979,7746,5166,11452,4036,138766,124872,124516,78093,81500,72612,122665,116618,115066,69905,37325,55159
"M1086.8412T2467.56",1086.8412,41.13,3.974,15.71,0.01034,0.975,259,259,259,259,259,259,20221,17419,19616,1677,518,3524,33113,33344,32734,24488,27145,24710
"M797.6192T2732.11",797.6192,45.54,1.937,3.83,0.001593,0.974,8544,27422,11422,12350,22632,8012,68445,92027,80577,53501,67640,47679,75078,71510,72433,30316,44528,48863
"M439.3647T2413.98",439.3647,40.23,0.91,1.88,0.0006881,0.972,29191,29225,29503,38436,24239,28682,89773,94969,84951,64893,59630,48934,140223,136113,126559,119751,125394,122911
"M1323.9252T2426.84",1323.9252,40.45,2.393,5.25,0.003004,0.972,1383,3289,3658,1257,1923,431,15182,15967,15394,6606,8265,8280,10856,11148,9793,10867,6902,8168
"M969.1128T2827.33",969.1128,47.12,2.76,6.78,0.004951,0.972,952,12452,4426,2336,5975,3209,41581,38213,39292,27480,25138,24480,35770,37031,34389,23777,16004,20571
"M1386.4966T2497.71",1386.4966,41.63,2.312,4.97,0.006689,0.972,1710,3061,2669,1148,3132,360,12028,12729,12212,9667,7692,9056,10267,10113,10498,8366,7689,9130
"M1517.6053T2830.07",1517.6053,47.17,5.836,57.14,0.001586,0.971,9,718,51,111,82,17,8879,7800,5462,4544,1078,4218,6664,6959,5939,3449,623,1049
"M1413.9760T2422.78",1413.976,40.38,3.728,13.25,0.006633,0.971,8275,5952,9508,2923,13422,379,99044,91388,89411,65201,65301,50847,74139,68817,58837,53618,48891,60304
"M1411.0266T2536.13",1411.0266,42.27,7.2,147.03,0.00926,0.971,8568,11991,14415,22,13607,445,564036,535006,530197,410329,391395,360148,548055,550425,501267,412753,411814,407217
"M231.0355T2661.23",231.0355,44.35,1.94,3.84,5.208e-06,0.97,965,1011,1250,1159,957,1252,6716,6471,5838,3899,5756,4407,5751,5195,3475,1554,4816,3101
"M1520.8051T1909.23",1520.8051,31.82,3.45,10.93,0.004856,0.97,55,109,639,1309,324,215,4541,4686,5572,1267,4671,3944,4079,5607,4978,3267,5453,2799
"M342.3055T2179.12",342.3055,36.32,1.087,2.12,0.0001082,0.969,51692,46596,43538,61795,59593,49332,130268,133487,126164,177814,167933,123851,295144,273156,271300,324766,303228,344411
"M1173.6201T1907.93",1173.6201,31.8,2.143,4.42,0.003981,0.968,374,2014,1848,1800,2133,1603,12010,11549,11916,3431,9806,5315,17007,17890,17428,9554,18181,16044
"M1498.8022T1908.67",1498.8022,31.81,3.638,12.45,0.01011,0.968,195,114,123,4508,491,215,5157,6188,5663,3874,8064,3984,6975,8082,7381,10557,8326,4741
"M748.5314T2470.67",748.5314,41.18,4.336,20.2,0.01219,0.968,6434,76379,483414,8746,209466,73932,1477926,1393965,1526897,1473116,1484914,1474387,2321970,2378934,2221333,2175290,2238281,2173547
"M397.2929T1825.72",397.2929,30.43,0.665,1.59,0.0003976,0.966,23550,25660,24303,16893,20589,21563,48914,52919,45428,49990,39779,34696,65788,58718,55742,81809,58019,62216
"M493.2080T2121.39",493.208,35.36,3.428,10.76,0.00123,0.966,172,79,176,157,172,278,874,2116,822,4984,5802,2945,26560,24667,28479,26226,21682,21377
"M1421.0250T2449.82",1421.025,40.83,1.999,4,0.008504,0.966,11441,11077,23548,7482,27151,3179,69134,65960,68197,64861,32409,55906,85703,86424,77965,58898,59763,68485
"M1418.0082T2513.73",1418.0082,41.9,2.378,5.2,0.0103,0.966,13007,23332,23758,4126,19243,2713,81762,72628,72050,72779,68223,66899,81700,80524,72681,70186,67902,69361
"M938.7532T2837.36",938.7532,47.29,2.952,7.74,0.0006984,0.965,5724,2848,2710,2155,1023,4201,22542,27017,25453,28582,30345,30388,11857,5730,27114,22931,30801,28111
"M1419.0779T2803.41",1419.0779,46.72,2.75,6.73,0.002173,0.965,491,655,448,357,102,193,1509,3677,6977,4624,813,2994,6895,1949,4667,4130,3436,1991
"M611.5356T2656.73",611.5356,44.28,1.406,2.65,0.005313,0.965,9702,9414,8655,27271,8866,8578,41489,42527,38696,36955,35454,29394,97213,86314,87737,94664,83517,83894
"M385.2929T2092.01",385.2929,34.87,0.621,1.54,0.0007036,0.964,20991,21725,18374,24300,23917,20935,40475,41682,39468,50154,48307,38773,65718,60058,55211,58625,59038,67893
"M602.0732T1924.51",602.0732,32.08,0.848,1.8,0.001975,0.964,3993,3608,3301,1945,2675,2440,8807,6857,8128,6254,6130,5058,10816,10767,10839,7430,9539,11718
"M1521.8020T1906.93",1521.802,31.78,3.586,12.01,0.009529,0.964,467,57,57,962,491,38,3521,3460,2988,1236,4287,1984,4058,4944,5410,3754,5476,3576
"M585.4696T2708.77",585.4696,45.15,1.732,3.32,0.01336,0.964,25846,62277,51691,162752,25846,25846,184791,206311,211811,190733,188666,194170,257052,251477,242853,275285,286180,291047
"M1280.8300T2822.30",1280.83,47.04,2.75,6.73,0.0002181,0.961,633,2287,1679,988,1377,1066,18217,18676,16186,7035,6674,5854,15138,15054,13755,5446,3275,4544
"M914.2912T1225.06",914.2912,20.42,3.616,12.26,0.003266,0.961,1803,1064,120,500,239,120,6255,10561,8740,8134,4273,2584,19204,14001,21751,9696,2123,4195
"M508.6665T1212.03",508.6665,20.2,4.628,24.73,0.006304,0.961,59,777,25,50,60,939,2632,2521,5072,4083,4389,5727,2369,3622,5200,3401,2282,1952
"M697.1350T2501.14",697.135,41.69,1.717,3.29,0.001772,0.96,1801,2793,948,2672,2986,1724,11686,7685,9533,8191,6426,8531,6121,8473,4198,8134,10243,8239
"M421.3592T2800.11",421.3592,46.67,1.086,2.12,0.01201,0.96,5825,16518,16778,17298,8494,12172,30561,32671,30799,35625,34081,32774,42611,35896,38461,35673,37464,42419
"M1455.4378T2824.97",1455.4378,47.08,3.371,10.35,0.0037,0.959,219,817,712,284,627,52,6057,5536,5354,3557,3410,3088,5934,5891,5185,2233,1361,2238
"M1497.0520T2496.48",1497.052,41.61,1.733,3.32,0.007324,0.959,3699,4860,7253,2074,5051,1141,10417,16741,22396,14136,12952,13657,17942,15307,15316,14853,13693,12917
"M1397.4815T2496.67",1397.4815,41.61,1.11,2.16,0.007625,0.959,1491,2763,2516,1389,2668,933,5523,6229,5344,5562,3516,4686,6057,5198,4904,5189,5331,5246
"M1400.0342T2537.47",1400.0342,42.29,3.45,10.93,0.009107,0.959,4390,6308,6718,709,6201,331,42312,45510,45015,32912,29668,25315,38825,39317,35518,29686,27645,27050
"M296.3275T1538.33",296.3275,25.64,4.555,23.51,0.01492,0.958,2165,6855,4311,63,126,271,25944,21240,17870,21390,23866,21423,49428,54480,48571,97464,55364,50623
"M993.0701T1939.30",993.0701,32.32,3.232,9.39,0.0005524,0.957,855,1040,677,651,1547,2243,22614,28330,24402,7759,7937,4505,7383,5673,7131,5954,6574,7919
"M1467.0755T2593.04",1467.0755,43.22,8.988,507.67,0.01114,0.957,15,6,6,16,140,12,55297,59367,60717,33298,6,29164,84190,74917,52924,35092,32276,35744
"M975.1003T2802.34",975.1003,46.71,2.787,6.9,0.0009029,0.956,2225,8976,1713,5443,7012,3672,54818,54341,51605,24710,28616,22159,40732,41323,42098,21438,12355,14832
"M1375.0187T2846.01",1375.0187,47.43,1.025,2.04,0.002593,0.956,17995,39301,20697,33415,23508,19147,84832,78183,75279,54644,56374,47222,88454,84087,85714,55695,51479,51304
"M149.0223T1686.72",149.0223,28.11,0.945,1.92,0.005476,0.956,548980,279717,376727,234085,220838,244767,811747,843678,888073,697678,655317,620915,1604300,1294391,1354627,1334041,1213377,1238349
"M978.1045T2826.92",978.1045,47.12,3.365,10.3,0.007037,0.956,1126,36703,9659,4275,11585,4686,123311,112543,108444,75117,68797,66009,110117,117560,103426,72547,39172,54822
"M1235.7461T1904.22",1235.7461,31.74,2.774,6.84,0.00724,0.956,888,227,626,4527,612,469,3864,9010,7891,8589,5344,6187,4858,6965,6189,13287,9393,5446
"M1520.0253T2469.02",1520.0253,41.15,1.794,3.47,0.007347,0.956,1009,1203,1557,900,2551,1109,10208,8929,7039,1599,5981,6335,8961,9193,8149,7470,7624,8133
"M1496.0156T2764.77",1496.0156,46.08,5.436,43.3,0.000513,0.955,81,249,492,35,592,165,16711,16186,14057,7359,6213,6004,12229,11882,648,1710,4277,5424
"M1360.9732T2773.98",1360.9732,46.23,0.935,1.91,0.001497,0.955,2581,3327,3538,2414,1764,1683,7339,7744,6819,5525,4613,4985,6764,6491,6557,5878,4626,3957
"M313.2857T2800.62",313.2857,46.68,3.404,10.59,0.002335,0.955,1295,9378,5589,10587,10739,8593,89814,88863,85971,94832,89287,74630,20619,97079,107579,99538,105226,21898
"M1180.2866T2826.25",1180.2866,47.1,3.329,10.05,0.008706,0.955,564,11266,2565,731,4916,771,28437,27322,26922,24734,22208,18776,28329,27635,23344,20818,12289,16669
"M741.6026T2180.46",741.6026,36.34,2.901,7.47,0.01616,0.955,2211,244,1697,7203,5075,4414,23406,21887,20498,26328,24348,17714,47942,45677,43206,45594,42897,49964
"M1365.9537T2837.67",1365.9537,47.29,1.992,3.98,0.008466,0.954,11992,60228,33188,15939,64901,18230,135718,148223,147810,135018,157372,131279,128293,120007,129229,103058,124356,125819
"M1289.7072T1899.37",1289.7072,31.66,3.564,11.83,0.008655,0.954,287,58,895,2623,591,721,8445,9268,8316,7009,9516,4886,8283,8746,7292,3375,7855,8289
"M1555.0764T2844.04",1555.0764,47.4,3.323,10.01,0.009567,0.954,376,7214,3210,339,2261,477,23420,22232,20801,11378,11617,10390,23496,23037,20379,14188,13677,12664
"M1211.8119T2582.15",1211.8119,43.04,0.819,1.76,0.001527,0.953,22174,24007,22843,19215,14559,12275,55313,51973,49330,36762,34399,32541,54500,53525,51795,38390,35709,31000
"M1515.2225T2927.38",1515.2225,48.79,1.905,3.75,0.004206,0.953,4132,1407,1785,703,2726,1480,11371,16151,13496,5469,5963,4672,13694,14142,12830,8085,8095,7801
"M1334.0073T2867.27",1334.0073,47.79,3.642,12.48,0.006331,0.953,296,296,296,6454,296,592,10528,13394,12152,5759,7422,7037,10422,9317,8425,4610,4280,5871
"M1147.2969T2928.19",1147.2969,48.8,2.932,7.63,0.007573,0.953,1348,2889,2332,202,3088,811,14999,16042,15446,10919,11240,9240,10900,12191,12150,8181,8271,8953
"M1513.0769T2606.22",1513.0769,43.44,6.721,105.49,0.01143,0.953,48,24,118,24,134,24,23254,25265,24178,15262,24,13152,20375,20261,16181,11422,11069,9963
"M739.9928T1957.61",739.9928,32.63,0.939,1.92,0.001029,0.952,11428,10544,10523,6680,7385,6156,29838,23500,22593,21002,19280,13814,44785,35708,38102,23443,35159,41692
"M762.0018T1952.77",762.0018,32.55,0.966,1.95,0.00311,0.952,13368,12193,10393,5997,7151,6670,30723,23926,23517,21901,23020,14335,43397,37479,35264,24583,32841,40253
"M1488.8147T1908.87",1488.8147,31.81,4.045,16.5,0.01038,0.952,118,69,280,4455,102,86,4577,4795,5854,2759,5097,4636,4619,4828,5059,7083,4681,2629
"M717.9823T1961.38",717.9823,32.69,0.97,1.96,0.001738,0.951,11080,9868,9391,5553,7424,5482,27884,21934,22366,18938,18451,12698,43391,34275,34748,22976,32215,38229
"M1230.8005T2574.97",1230.8005,42.92,0.797,1.74,0.00367,0.951,8895,8936,9355,4917,6151,4962,18313,19133,17886,14629,13387,11621,17928,19331,19693,14581,14823,11505
"M990.0834T2827.14",990.0834,47.12,2.284,4.87,0.009939,0.951,1334,10463,3323,888,3539,2154,18973,16230,17243,16070,15497,14692,19514,20356,17259,16807,10287,11574
"M1319.0137T2864.24",1319.0137,47.74,3.102,8.59,0.001186,0.95,2134,2202,1132,566,3832,2389,25788,22971,22564,14770,16809,15468,21426,18981,19427,2905,11476,13608
"M1245.4576T2832.24",1245.4576,47.2,3.612,12.23,0.003004,0.95,427,7915,910,494,930,473,22793,25995,20415,10221,9980,8427,27885,29001,23093,9113,4364,6866
"M1488.0191T2438.45",1488.0191,40.64,2.091,4.26,0.003603,0.95,882,2047,2565,1037,2647,481,10065,10330,9430,7958,2725,7989,12624,11557,10704,10171,11932,4034
"M964.5984T2817.38",964.5984,46.96,4.536,23.2,0.007643,0.949,263,11324,527,263,3558,263,37153,35867,32979,17272,20850,17764,33964,33071,31288,17436,9033,13255
"M1504.0175T2475.11",1504.0175,41.25,1.285,2.44,0.01757,0.949,6707,10924,10315,4219,13575,2910,24865,24357,24032,21366,19968,19677,32368,32656,30530,29006,30133,29569
"M1080.7003T2894.79",1080.7003,48.25,1.527,2.88,0.0006933,0.948,10023,25952,14125,10435,14343,9887,66562,69483,62739,38215,38003,34325,61679,54706,59334,33620,27334,29197
"M908.5690T1900.65",908.569,31.68,5.538,46.47,0.0143,0.948,96,43,209,86,238,43,15511,17751,15704,21757,43,8700,38587,37305,34032,30080,32836,40637
"M1506.0184T2471.19",1506.0184,41.19,1.924,3.8,0.01523,0.948,4297,7787,6508,1367,7384,1166,21100,19918,21440,15230,17416,14863,26758,26555,24109,20638,20690,20719
"M1333.0249T2613.28",1333.0249,43.55,4.365,20.61,0.0001257,0.947,160,247,79,168,259,294,6756,7469,11581,1260,4270,4534,6689,7930,6855,231,4040,5780
"M1234.7415T1905.57",1234.7415,31.76,3.918,15.12,0.01494,0.947,153,1798,290,3925,601,37,7525,8013,8168,9451,9461,8760,10854,13934,11925,26359,16719,9177
"M470.4124T2324.38",470.4124,38.74,1.714,3.28,0.008576,0.946,1624,2514,1190,2352,397,1414,7083,7208,7339,4564,4791,4533,18988,18678,17190,16613,14309,15417
"M1402.9927T2859.71",1402.9927,47.66,1.723,3.3,0.01083,0.946,11270,44112,23935,11245,47490,13390,96508,98638,94276,81344,89256,78452,93243,86023,86314,73135,74007,78735
"M1455.0546T2525.25",1455.0546,42.09,5.339,40.46,0.01434,0.946,69,4560,23518,859,8366,218,77795,70503,82725,98888,85739,61675,109711,109592,105431,92774,106569,98527
"M1423.4955T2423.80",1423.4955,40.4,1.912,3.76,0.01639,0.946,953,1182,1510,1304,1504,154,4523,4430,4542,4275,4232,4115,6633,5789,5757,4386,5182,5629
"M150.0255T1686.84",150.0255,28.11,0.908,1.88,0.00594,0.945,48806,28262,36663,20661,20281,21740,74347,76243,84185,62307,59739,52439,145304,115642,121972,120416,109970,111376
"M205.0840T1687.45",205.084,28.12,0.969,1.96,0.008413,0.945,91303,46019,67693,37870,30927,40732,135157,145755,149560,112963,105609,100901,271777,219577,223870,205266,192415,202952
"M1255.7177T1903.07",1255.7177,31.72,4.27,19.3,0.01523,0.945,30,1363,493,3809,61,417,8792,9541,8648,11379,9127,6311,12711,14239,12587,11293,12508,11010
"M1367.9689T2846.04",1367.9689,47.43,2.667,6.35,0.01163,0.944,23644,271020,69232,37708,288830,52767,677327,713493,704387,591433,680354,566142,637766,569720,648400,522353,576777,590418
"M1502.8238T1909.47",1502.8238,31.82,3.283,9.73,0.005649,0.943,333,385,273,4994,415,526,5714,7297,7240,5856,8285,10244,4099,4763,4404,8458,4802,3879
"M1181.2765T2827.06",1181.2765,47.12,3.336,10.1,0.008915,0.943,284,4733,2475,197,1149,950,15148,11110,11363,12919,12599,11314,11501,11454,11314,11241,5242,8340
"M1512.0665T2601.08",1512.0665,43.35,7.575,190.71,0.01291,0.943,13,25,242,13,48,47,37651,39891,40300,26416,13,24009,33249,35466,33307,22787,23499,23618
"M615.4873T2659.13",615.4873,44.32,1.309,2.48,1.624e-05,0.942,24842,24498,24794,33269,21588,23780,91172,86268,78649,80909,82326,67048,289439,264030,260428,308492,282975,265970
"M956.7185T2722.84",956.7185,45.38,7.863,232.75,4.533e-05,0.942,85,171,750,85,85,85,51375,59190,56388,32886,29987,29604,36500,37235,37975,85,20695,29062
"M1290.1462T2828.04",1290.1462,47.13,4.59,24.09,7.598e-05,0.942,318,1969,318,318,318,318,26149,22986,19112,7850,9068,7130,24211,21729,21322,8369,637,4312
"M1210.8027T2582.37",1210.8027,43.04,0.786,1.72,0.002085,0.942,27691,27024,28865,25102,17792,14607,63395,63524,60437,43648,40254,40237,65998,67893,64690,47043,40634,39937
"M486.2700T590.76",486.27,9.85,0.908,1.88,0.002104,0.942,17643,24189,24046,21706,22492,11570,59951,58199,60660,44331,41414,30179,52552,52348,51510,40310,37369,34938
"M1015.8391T2634.18",1015.8391,43.9,0.731,1.66,0.0008917,0.941,8514,10819,10722,12437,10058,9242,16779,29309,24840,23605,21220,18082,39032,35676,37768,25252,39842,38965
"M783.5152T1948.94",783.5152,32.48,0.853,1.81,0.002845,0.941,15009,13912,11540,7578,9286,8610,33945,28320,26937,23608,25211,15243,47969,42770,38709,26920,34737,42968
"M959.1090T2851.18",959.109,47.52,3.693,12.94,0.004884,0.941,517,20496,7306,2532,5355,2886,114367,105260,89797,43989,39969,34652,106448,105087,95865,43039,22827,29100
"M1451.0177T2439.95",1451.0177,40.67,3,8,0.005546,0.941,700,2361,3895,2296,8709,717,27973,24486,25020,23543,15050,18517,29829,29219,24892,22713,4893,23348
"M242.2788T1781.04",242.2788,29.68,1.762,3.39,0.01499,0.941,2708,1913,1559,446,2303,470,7939,6498,7038,4102,4248,4351,8344,9692,8915,8884,8973,8769
"M616.4913T2658.63",616.4913,44.31,1.256,2.39,3.858e-06,0.939,11824,11696,10941,14366,9719,10741,41116,38537,34269,36744,33982,28857,123609,108668,114507,130436,121590,116182
"M547.4857T2727.13",547.4857,45.45,0.714,1.64,0.001182,0.939,50734,45369,45973,51042,42128,41697,83547,90101,91134,106205,121289,97037,80838,74558,79472,79998,82295,81856
"M1422.4852T2820.29",1422.4852,47,4.072,16.82,0.001731,0.939,128,404,376,406,58,158,10726,9659,9866,5466,557,2440,7485,7885,6738,3645,991,1436
"M965.6011T2822.04",965.6011,47.03,3.584,11.99,0.008609,0.939,7714,28117,12210,717,12226,2225,126946,133045,113324,73855,74733,67467,116591,122229,116620,67596,40343,51275
"M851.2691T2229.37",851.2691,37.16,4.184,18.17,0.009807,0.939,959,301,301,301,301,301,33327,37206,30270,2908,5994,601,63827,39563,91566,25115,4957,16935
"M720.4931T2412.68",720.4931,40.21,2.452,5.47,0.01941,0.939,10007,24791,147317,8252,61074,12679,189455,182572,190768,163364,166076,162380,287302,280622,269386,259104,266255,252727
"M1462.0100T2449.70",1462.01,40.83,2.738,6.67,0.01155,0.938,6809,4559,5121,7076,4558,1188,75644,60061,67817,3806,45615,46502,112607,106090,102189,83375,81407,87606
"M624.5329T2686.83",624.5329,44.78,2.713,6.56,0.0202,0.938,2147,797,359,7065,4345,6619,19961,22333,21266,17819,17695,15416,66837,65010,64780,63958,51967,53877
"M1296.8114T2825.97",1296.8114,47.1,3.087,8.5,0.001155,0.937,1133,5926,2733,662,3015,1262,38377,34223,31597,11028,14806,11913,30126,30130,29620,12255,5857,8056
"M1160.8193T2934.47",1160.8193,48.91,3.953,15.48,0.00454,0.937,776,2362,550,58,1074,675,15784,17271,14996,6594,10608,9494,13028,12379,13318,1853,8143,8844
"M300.2878T1184.97",300.2878,19.75,0.656,1.58,0.00612,0.937,32874,28372,30134,45263,21265,29922,56247,56623,58624,77584,60092,66052,68704,65240,57380,71738,72338,60982
"M369.2939T1912.83",369.2939,31.88,0.78,1.72,0.01238,0.937,19912,12916,14638,26236,21236,23159,40598,43290,50465,42713,40995,37260,43364,55371,50613,42224,41448,34768
"M941.7270T2752.16",941.727,45.87,4.151,17.77,0.01319,0.937,35140,3443,4239,478,955,21954,109693,104738,110438,98555,86007,69831,112382,85841,100243,84268,79409,71865
"M1440.0578T2597.05",1440.0578,43.28,6.211,74.07,0.01469,0.937,120,47,94,181,24,24,24041,22802,22710,12724,24,11003,23845,23576,20606,13515,8454,11149
"M1397.9778T2865.09",1397.9778,47.75,2.506,5.68,0.01222,0.935,15413,151987,43265,19398,150044,30064,368218,388298,372294,292686,322456,274717,345834,320895,350788,246329,259012,282425
"M1455.0620T2594.54",1455.062,43.24,6.653,100.62,0.0147,0.935,47,23,12,72,141,12,20040,18459,19275,12163,12,7106,20121,24024,17835,11319,11566,9635
"M299.2659T2801.03",299.2659,46.68,3.399,10.55,0.0166,0.935,267,10349,10095,11131,8339,8581,76439,72459,66248,81503,75242,63247,96077,82328,88486,79989,93503,87059
"M785.4228T621.76",785.4228,10.36,0.665,1.59,0.001652,0.934,108173,105616,168379,119348,128371,95826,241327,231367,234338,256051,254530,244657,275426,166905,262602,264009,266440,250843
"M505.2225T1712.85",505.2225,28.55,2.281,4.86,0.003248,0.934,7453,5211,3399,1031,2575,5467,17702,37938,29001,11791,29426,17317,16765,20588,30494,10628,19002,17745
"M1228.8046T2574.17",1228.8046,42.9,0.737,1.67,0.004152,0.934,84546,88543,89003,57147,52569,45503,174520,179828,172027,131065,112360,113975,185893,190065,184888,139158,127373,115623
"M1229.8088T2574.09",1229.8088,42.9,0.691,1.61,0.004725,0.934,28860,29609,29930,19574,17688,15765,57796,56782,57245,42668,37869,37847,61726,61631,60796,49501,44579,37433
"M1150.6256T1909.07",1150.6256,31.82,1.864,3.64,0.00629,0.934,1933,865,2666,1933,2639,952,11438,10097,10605,3039,16184,3879,19126,23815,22591,30744,25628,15309
"M1495.0680T2559.13",1495.068,42.65,5.969,62.62,0.01871,0.934,165,124,546,310,114,168,56770,54199,54320,45212,57,43255,66345,68980,57854,49687,50787,50284
"M1413.5095T2532.01",1413.5095,42.2,3.603,12.15,0.002948,0.933,620,3439,2975,292,2374,349,23405,22888,22447,5498,19455,17804,21746,22108,23125,2691,19910,20540
"M1226.7986T2574.15",1226.7986,42.9,0.739,1.67,0.003991,0.933,241771,248351,248818,157282,146281,131524,495032,508933,473680,359203,329518,321249,521309,543686,518227,388796,360506,316816
"M1562.0640T2859.24",1562.064,47.65,2.378,5.2,0.009198,0.932,1065,6222,5515,691,3393,1436,19460,18518,18820,12654,12058,10906,19251,16151,18155,11211,8360,10321
"M1511.8204T1906.40",1511.8204,31.77,3.125,8.72,0.01077,0.932,118,471,481,3807,171,277,3755,5467,4455,3970,4916,5504,3297,4420,4688,4259,4362,2466
"M686.6044T2807.07",686.6044,46.78,1.138,2.2,0.02075,0.932,51281,49540,58428,39790,13311,20172,104180,103202,103531,111827,91530,73293,163642,155091,154182,134415,145820,132362
"M1350.9431T2845.32",1350.9431,47.42,1.464,2.76,0.01,0.931,17433,59109,30537,19614,57672,18912,103474,119523,115811,91592,112781,92996,98764,88325,98445,79214,93456,89581
"M1377.9641T2860.02",1377.9641,47.67,1.51,2.85,0.01051,0.931,26789,94024,47716,30720,98781,30651,186563,202764,195965,148722,175304,143241,176740,160600,167491,131282,149592,137935
"M383.3010T2176.74",383.301,36.28,0.847,1.8,0.001414,0.93,39697,35852,34217,53460,50997,35895,82067,92438,80022,112845,112306,97373,157023,161206,154704,170396,214104,206878
"M351.2487T1951.27",351.2487,32.52,0.8,1.74,0.005015,0.93,18382,14815,17262,23141,21242,26473,45627,49626,53579,54526,42678,27973,62041,52220,73658,48014,65717,74672
"M634.2280T1887.55",634.228,31.46,1.835,3.57,0.006169,0.93,1543,2331,3994,770,1897,2136,20164,11639,12474,6357,7568,3042,27095,23852,23215,10766,18964,26497
"M271.2364T2726.13",271.2364,45.44,3.017,8.1,0.01343,0.93,553,8387,8572,10783,1106,5387,34996,37652,36913,41940,41394,39529,36658,32504,36511,32255,35233,33810
"M773.5442T2730.21",773.5442,45.5,8.836,456.97,0.0002106,0.929,128,254,64,64,1109,64,90853,74171,78942,92238,91827,87865,91289,64886,65635,64,72728,61120
"M1446.4869T2825.51",1446.4869,47.09,3.456,10.98,0.004925,0.929,242,281,121,121,289,337,6380,6584,6235,3751,297,2708,6391,4873,6097,3166,687,2315
"M581.7042T1252.49",581.7042,20.87,1.964,3.9,0.008245,0.929,1546,3290,1500,2367,1256,8067,10143,9176,11872,13439,13383,15055,10296,9697,13408,9222,9827,9312
"M968.1107T2827.36",968.1107,47.12,4.469,22.14,0.01151,0.929,495,76815,17532,3010,22178,6546,326797,301382,286650,192948,177541,164510,279750,288381,264735,177112,98171,127303
"M1581.9000T1906.81",1581.9,31.78,4.327,20.07,0.01415,0.929,43,171,13,2458,214,292,2681,3988,4169,4598,4525,4829,3662,4359,4335,7464,4331,2487
"M674.9178T1319.12",674.9178,21.99,1.298,2.46,0.003024,0.927,28660,32892,46085,55350,48174,17578,104507,87014,102072,141929,122943,128672,254076,82507,95058,117193,117942,126086
"M620.1274T1614.48",620.1274,26.91,1.956,3.88,0.007601,0.927,1508,1557,2214,6748,5903,4957,10282,13688,13473,24040,22964,15539,11805,14309,14318,23425,21494,20108
"M1501.8578T1910.54",1501.8578,31.84,2.552,5.86,0.01139,0.927,595,355,266,4467,511,733,4800,6343,5879,3836,5844,4408,4353,6006,4650,4757,5271,2763
"M1368.9795T2850.86",1368.9795,47.51,1.734,3.33,0.01188,0.927,57716,287875,137764,73429,279933,84574,580365,639384,615011,465508,528943,445786,541074,492020,539311,410108,437412,462291
"M1380.9799T2856.86",1380.9799,47.61,2.611,6.11,0.01409,0.927,14912,200949,60239,25192,208314,43583,501141,539602,509155,406323,466786,380871,469443,445303,476766,358011,400092,398930
"M1381.9816T2856.70",1381.9816,47.61,2.544,5.83,0.0141,0.927,12246,158309,49523,21067,160471,35066,379514,411910,400166,314157,369405,286032,371308,338850,368120,283741,305895,305458
"M907.5664T1901.05",907.5664,31.68,5.761,54.22,0.01508,0.927,112,507,1105,56,56,56,28397,34845,30110,43757,56,17633,77472,75046,67361,62024,64712,80661
"M1531.3359T2824.72",1531.3359,47.08,3.925,15.18,0.0001489,0.926,310,820,684,340,273,100,12190,11466,10122,4622,4272,3285,11600,9411,9154,3166,507,2464
"M1227.8014T2574.21",1227.8014,42.9,0.744,1.68,0.004562,0.926,188661,210119,198083,125969,121497,101592,396956,409200,388383,290249,264160,258765,425457,431604,418559,304040,288150,255478
"M206.0882T1687.45",206.0882,28.12,0.848,1.8,0.009957,0.925,13715,8228,9595,6158,5192,5089,20246,21464,20978,15960,15021,12700,34479,31937,30766,29154,26179,29583
"M1376.9707T2453.49",1376.9707,40.89,1.439,2.71,0.0168,0.925,13170,14365,15049,6384,17418,3080,36660,39873,35655,36751,30772,30455,41139,41916,41295,29545,30172,35140
"M750.5461T2800.63",750.5461,46.68,0.991,1.99,0.01981,0.924,3063035,1177159,1177159,2567727,2572470,2354318,5469493,5321780,5281751,5114960,4919903,4871355,5828931,5817254,5517736,5152664,5368273,5109787
"M1425.1035T2235.15",1425.1035,37.25,5.673,51,0.0005142,0.923,577,1284,1091,193,1291,363,104518,119965,96784,4393,39258,28586,33290,24254,14988,6040,3957,6716
"M1064.0947T2232.17",1064.0947,37.2,3.325,10.02,0.0003522,0.921,6930,9730,20400,22971,23723,22674,257222,262104,238071,180417,183371,150175,224978,166490,302434,72233,28372,49866
"M1351.9551T2850.10",1351.9551,47.5,1.24,2.36,0.01028,0.921,18692,51595,31631,19545,51491,19179,94007,103347,98429,73604,90895,74180,85426,83173,82739,65564,74909,74614
"M1514.0728T2607.44",1514.0728,43.46,7.097,136.87,0.01593,0.921,75,6,54,11,57,6,16490,19766,18062,11312,6,6465,14223,13392,12180,8620,6982,7503
"M1288.4808T2826.42",1288.4808,47.11,6.003,64.14,0.006105,0.92,122,2921,61,193,61,61,56404,47898,42227,20011,199,10980,44825,43311,40476,17221,4067,6991
"M456.4297T2460.96",456.4297,41.02,2.549,5.85,0.02277,0.92,5374,5346,5586,8277,5562,7403,79579,81987,84509,75394,3525,69469,94697,92743,88094,78604,65327,67376
"M1324.9246T2427.04",1324.9246,40.45,3.223,9.34,0.002891,0.919,388,1792,1688,474,475,151,12612,12366,13346,1371,7049,6109,9141,9277,8682,1850,5490,6954
"M868.5700T2487.86",868.57,41.46,2.197,4.59,0.01217,0.919,2798,7768,14988,1399,10528,6230,36674,35317,36763,37984,22641,31510,28142,28226,25354,29531,28850,26954
"M1509.9892T2826.97",1509.9892,47.12,2.898,7.45,0.0003409,0.918,658,2079,996,457,971,669,16765,13611,13014,5589,4095,4732,12510,13196,12635,3459,1851,2988
"M958.6260T2848.10",958.626,47.47,3.202,9.2,0.002808,0.918,4381,23697,8219,1287,7448,4933,112243,104896,94100,47833,50499,42495,102100,17615,84647,41955,31068,38249
"M1067.1844T2889.23",1067.1844,48.15,3.77,13.64,0.01423,0.918,250,3816,853,124,1977,62,11342,11366,10943,6687,5949,6616,12223,10477,11082,5384,5454,5730
"M484.4480T2619.89",484.448,43.66,1.051,2.07,0.008477,0.917,10627,11296,10967,10386,10369,7306,34202,43695,41405,19825,16102,19282,38438,37666,36999,26998,20166,17959
"M444.2950T1912.19",444.295,31.87,1.005,2.01,0.008869,0.917,30545,17131,21099,49887,20341,22740,65355,67306,73368,54217,59101,74560,72162,92644,80137,82986,59808,42754
"M424.4091T2024.92",424.4091,33.75,1.329,2.51,0.01726,0.917,9382,11360,11507,22958,35472,7770,48583,46418,44711,46100,51332,37971,48957,46628,44351,41468,45480,52584
"M725.5547T1588.34",725.5547,26.47,5.938,61.29,0.01968,0.917,109,608,293,313,52,103,86057,60647,65810,40562,52,11016,130107,114999,104090,18308,81744,114171
"M1116.0180T2889.62",1116.018,48.16,1.108,2.16,0.004385,0.916,6262,8242,6433,3407,2933,4440,18102,18439,17313,10079,11569,10180,28643,28816,25554,10338,16278,17641
"M295.3092T1820.53",295.3092,30.34,1.735,3.33,0.005161,0.916,187,187,187,187,187,187,701,1066,2284,544,612,480,3108,1272,2383,375,1538,1611
"M474.2540T1806.94",474.254,30.12,5.514,45.68,0.01627,0.916,2847,3171,3716,3437,3752,3143,455017,585002,513725,604268,1424,487290,156466,165752,158930,195001,173218,167478
"M343.3056T2180.46",343.3056,36.34,0.747,1.68,0.0007549,0.915,9673,9866,9502,11308,12985,10531,21250,22455,20589,28668,26439,19559,46029,44333,41529,48828,47223,49756
"M1439.1839T2830.75",1439.1839,47.18,3.505,11.35,0.002708,0.915,54,136,114,380,357,107,2886,5590,6085,1338,2762,330,7346,9553,13092,4499,427,4431
"M1245.8106T2833.43",1245.8106,47.22,2.457,5.49,0.004856,0.915,1011,7810,2725,704,1829,1384,19704,21902,17925,8352,8587,8808,22442,26203,19769,10503,5388,7320
"M1382.9919T2861.06",1382.9919,47.68,1.903,3.74,0.01397,0.915,20580,132699,60121,26827,128390,35559,273196,307575,288518,209402,245746,204303,256864,240557,257563,187563,206641,205740
"M963.9020T2606.30",963.902,43.44,0.972,1.96,0.0002405,0.914,7075,8445,8166,10160,8574,7377,22147,30725,22094,20155,18173,15069,19307,16382,18039,20056,12067,12512
"M1303.8534T2826.32",1303.8534,47.11,2.726,6.61,0.003885,0.914,1275,2006,1720,360,3064,442,19935,15402,14182,2700,8714,8138,16951,15595,13905,4846,5428,6540
"M1401.9816T2860.43",1401.9816,47.67,2.026,4.07,0.01575,0.914,9214,58922,29472,9266,64026,16143,136420,135776,128297,108784,122134,102752,123977,121222,121815,96275,101208,102060
"M578.2394T1880.02",578.2394,31.33,6.964,124.83,0.0008006,0.913,178,64,64,168,64,127,50663,18200,42231,885,28923,17260,28291,27847,28929,64,23815,29346
"M151.0288T1685.63",151.0288,28.09,0.856,1.81,0.01281,0.913,5722,2734,4175,1916,2867,3154,8766,8561,9361,7560,5617,6181,16116,12660,14251,13546,11237,13471
"M1366.9664T2845.67",1366.9664,47.43,2.92,7.57,0.01631,0.913,15400,342457,85620,34573,371970,68232,860743,913310,899089,751525,885402,736148,798648,731558,798546,643863,743678,742804
"M1451.0467T2892.32",1451.0467,48.21,3.402,10.57,0.01399,0.912,1478,35079,5737,1637,35335,4607,96073,116070,106673,69150,90922,68554,86108,78280,90266,55617,58820,63839
"M1378.9628T2850.21",1378.9628,47.5,2.137,4.4,0.01506,0.912,10993,103470,41988,21985,108170,27114,223813,243513,237623,191821,228352,182281,204972,195973,209759,162542,179984,181572
"M1388.9544T2857.92",1388.9544,47.63,0.765,1.7,0.009238,0.911,11477,21989,10478,14280,15920,10191,30366,31625,32937,28021,30751,25091,28836,26297,28207,24286,23080,26259
"M1369.9768T2853.80",1369.9768,47.56,1.258,2.39,0.01065,0.911,62163,181668,113950,68491,179701,67176,337509,374408,355646,265524,297304,260542,309627,277537,305907,227502,244660,253381
"M1073.8399T2481.05",1073.8399,41.35,2.803,6.98,0.01594,0.911,204,1305,204,4001,204,407,9965,10492,9157,2748,2097,1741,13286,13161,13235,11275,9754,9288
"M1436.0120T2463.41",1436.012,41.06,1.635,3.11,0.02311,0.911,41011,31408,39201,20161,77684,6699,138872,124560,140968,106351,98355,86519,168332,169867,152922,125781,123490,130063
"M1310.3392T2825.73",1310.3392,47.1,3.126,8.73,0.008457,0.909,902,6209,1756,218,1860,459,17572,15538,17016,10106,9813,8162,15635,17628,14671,7695,4125,5663
"M525.2663T1942.43",525.2663,32.37,3.115,8.66,0.02194,0.908,2209,2284,4193,4090,177,16385,35920,32972,31762,30890,23783,17789,41977,37373,39844,26763,32040,43408
"M1468.0629T2592.04",1468.0629,43.2,5.769,54.53,0.02416,0.906,146,53,301,201,103,138,37967,38579,37772,26409,27,20965,46449,45015,35426,25776,14957,16104
"M625.5555T2685.34",625.5555,44.76,1.599,3.03,0.02685,0.906,1815,2968,758,7725,3174,4191,14185,11745,11030,9434,11168,7779,30373,28461,29462,24210,23940,22585
"M1279.4709T2820.14",1279.4709,47,3.011,8.06,0.000278,0.904,460,1818,497,370,468,640,11864,10747,8764,3634,4153,3477,7655,6575,7182,3115,884,2313
"M1308.8332T2826.75",1308.8332,47.11,3.222,9.33,0.009729,0.904,866,7706,2740,205,2307,786,25989,21494,21024,12590,12578,11209,23826,25749,23072,11722,5015,8493
"M1383.9820T2863.63",1383.982,47.73,1.065,2.09,0.01087,0.904,32944,88062,55224,37103,79397,34387,152584,163535,160228,114348,128491,107426,138430,128906,142114,104441,108412,112150
"M1554.8628T1910.12",1554.8628,31.84,3.052,8.29,0.01428,0.904,380,430,213,5319,159,190,3375,4626,4611,4303,4915,5541,3577,4688,3976,4280,3424,2259
"M1540.8697T1906.54",1540.8697,31.78,2.777,6.85,0.01569,0.904,279,151,306,4423,705,332,3866,4082,4021,4363,4488,5133,3141,4961,2974,6100,4576,2729
"M989.0906T2826.10",989.0906,47.1,3.274,9.67,0.01729,0.904,387,25424,7811,2745,10068,2498,62077,53603,55544,49030,47927,46478,59482,63436,55925,49467,28332,34964
"M1588.0652T2843.19",1588.0652,47.39,2.796,6.95,0.01494,0.903,318,8334,3090,705,3759,916,19539,24629,18279,11327,10716,9706,19843,19403,18190,10119,10914,10515
"M722.7079T2520.83",722.7079,42.01,5.366,41.24,4.466e-05,0.902,42,304,84,42,42,42,9446,2673,2096,6048,3223,1791,10536,10321,1264,6881,11045,42
"M362.3563T1575.85",362.3563,26.26,3.655,12.6,0.01337,0.902,93,208,214,30,135,44,5671,2663,3423,6727,203,195,9660,990,11463,11018,4786,5487
"M467.3934T2470.78",467.3934,41.18,1.294,2.45,0.01954,0.902,6064,5555,7992,18378,5939,2589,23530,23424,22043,18759,18342,18367,21085,22918,19085,17720,23440,19652
"M313.3558T1173.13",313.3558,19.55,6.79,110.63,0.02342,0.902,480,216,207,67,48,267,110195,159915,114115,62307,24,52312,117875,85351,76694,41373,45388,58679
"M365.3065T1761.70",365.3065,29.36,0.881,1.84,0.0134,0.901,7397,8387,6722,13681,4778,8505,17357,32977,19951,12770,15205,18903,27417,30648,26570,31039,29823,33354
"M1392.9817T2851.48",1392.9817,47.52,3.107,8.62,0.01845,0.9,17181,545174,119350,44515,599074,105640,1400878,1534084,1483237,1216219,1371696,1124393,1304300,1182316,1306853,1032019,1130324,1164097
"M1151.6920T866.06",1151.692,14.43,0.617,1.53,0.009128,0.899,74489,88322,76293,60780,79798,40046,154917,158988,159651,129650,116001,99533,163800,138472,144990,120022,122562,107638
"M513.4665T2622.59",513.4665,43.71,5.276,38.74,0.01955,0.899,199,5763,4096,100,100,26784,46824,51060,50112,58695,52252,53254,44162,59499,42325,42543,43139,46069
"M1563.8709T1907.38",1563.8709,31.79,3.725,13.23,0.01562,0.898,110,189,189,5613,150,53,3345,3801,3863,4437,4145,4800,3057,3551,3418,4045,3657,1625
"M1562.8460T1909.37",1562.846,31.82,2.613,6.12,0.0167,0.898,210,462,266,4794,343,320,3107,4387,3992,4482,3928,3437,3117,4739,4037,3850,3065,2082
"M1419.9987T2858.23",1419.9987,47.64,2.769,6.82,0.01826,0.898,11959,223284,69505,19015,239205,44929,525317,590022,566416,460963,513399,424645,492158,459824,490213,376032,401214,437113
"M1398.9743T2853.54",1398.9743,47.56,1.58,2.99,0.01353,0.897,27422,121213,54126,33346,118517,33404,233516,250170,239131,167923,197231,170136,209374,199466,216690,139880,151629,162118
"M1399.9727T2861.29",1399.9727,47.69,1.791,3.46,0.01818,0.897,12423,85492,42690,16385,78040,25780,164186,162866,162668,136603,150965,132494,156127,142554,154331,115593,123404,129871
"M1316.9956T2769.99",1316.9956,46.17,1.75,3.36,0.02426,0.897,6195,8335,6662,796,5065,6158,22178,23837,21281,17898,16878,16884,28683,27011,26368,18902,17904,19568
"M1296.1422T2828.54",1296.1422,47.14,4.996,31.91,0.00885,0.895,383,2984,52,1959,26,460,27341,23140,20667,8853,7477,7949,21106,21398,20524,8626,2150,3419
"M288.9207T367.65",288.9207,6.13,1.139,2.2,0.002406,0.894,4001,4586,4315,8127,5293,7203,13507,15118,16714,12682,14622,20505,14107,10779,17072,12111,8768,16034
"M1401.0271T2534.04",1401.0271,42.23,2.028,4.08,0.02019,0.894,3822,6803,6856,1945,7301,603,20953,18889,19029,18115,15569,15378,18428,19654,17681,15074,15251,14690
"M1449.0407T2886.40",1449.0407,48.11,3.434,10.81,0.01782,0.893,2690,91035,17720,3475,92149,12541,247592,273472,255283,183793,222034,182675,212143,187206,227487,144741,154160,164565
"M1438.0000T2433.75",1438,40.56,2.519,5.73,0.02176,0.893,9605,6932,10526,4725,17331,475,57177,50800,53621,51318,12606,44531,74252,71440,66489,56685,53682,66154
"M734.5257T2478.55",734.5257,41.31,3.485,11.2,0.02418,0.893,30895,100840,712983,4994,251596,71465,1068948,1073917,1091254,1186488,1096209,1119695,1262390,1279365,1159243,1267219,1202140,1275969
"M1575.1068T2585.16",1575.1068,43.09,5.873,58.61,0.0001251,0.892,54,39,132,20,45,52,8300,2963,7444,580,4835,4732,6371,11309,11231,20,4913,4852
"M324.3544T1681.20",324.3544,28.02,5.328,40.18,0.02205,0.892,217,8,8,35,95,16,5483,9091,5277,3648,8,1888,9971,3899,13102,8419,5151,7679
"M1154.3091T2933.22",1154.3091,48.89,3.263,9.6,0.002791,0.89,885,1859,1057,244,2361,308,12279,13646,13133,6949,8628,8509,10518,10290,1305,3962,6355,6251
"M742.2988T2802.98",742.2988,46.72,2.049,4.14,0.004178,0.89,1483,2468,1284,1473,1880,321,7041,3049,11486,9542,6061,6835,13133,7146,2446,8887,15958,14195
"M619.1248T1614.35",619.1248,26.91,2.433,5.4,0.01664,0.89,2337,1918,2897,20654,15476,10863,28689,34430,35591,58610,59079,42548,28180,34163,36736,63749,57982,54450
"M631.5792T2653.22",631.5792,44.22,5.18,36.26,0.01758,0.89,50,7887,677,50,5770,99,24043,31063,25326,15866,18181,14448,26644,25342,23586,14087,6610,10974
"M1438.0364T2888.78",1438.0364,48.15,3.405,10.59,0.01819,0.89,1096,47086,9106,2513,47260,6643,134568,142886,132218,96080,112828,88163,115665,98765,121383,71233,79704,83673
"M1395.9906T2861.99",1395.9906,47.7,2.989,7.94,0.02061,0.89,10960,361682,82633,27354,355878,63794,855747,955351,902611,658037,777879,625491,808286,746173,811409,607836,637769,675419
"M1534.2069T2825.97",1534.2069,47.1,5.592,48.24,0.001957,0.889,13,167,26,615,13,24,5920,4910,4153,656,3115,2589,3894,3308,487,261,704,539
"M1352.9552T2847.15",1352.9552,47.45,1.105,2.15,0.01449,0.889,17718,48543,34584,19512,44493,16444,80865,86693,85721,65327,74787,66595,74962,68028,75628,57678,60964,62892
"M144.0504T1259.74",144.0504,21,0.99,1.99,0.01651,0.889,5508,3063,3742,2256,1664,4479,7541,8267,8784,9381,7584,7765,6759,7796,7014,8968,8780,7302
"M1440.9912T2881.09",1440.9912,48.02,3.125,8.72,0.01842,0.889,1391,16258,2510,517,18836,3553,45718,48168,45692,33719,39038,30360,37339,35886,39218,26729,28212,29829
"M1425.9806T2872.11",1425.9806,47.87,3.098,8.56,0.01981,0.889,1990,59938,16227,3270,58560,10047,151550,163106,156348,117734,134190,111263,138003,126946,137661,100414,106453,105264
"M651.5578T2459.74",651.5578,41,6.498,90.41,0.03833,0.889,118,59,59,59,59,59,63214,95741,89485,112065,59,59,110804,106123,101023,107557,109048,110620
"M1489.0243T2460.28",1489.0243,41,2.282,4.86,0.006182,0.888,2982,2482,3522,1227,5134,906,29396,5516,12892,6613,27188,24260,37356,36453,9312,7326,28853,31982
"M1598.0698T2844.74",1598.0698,47.41,3.611,12.22,0.01685,0.888,316,8773,2175,134,2215,221,20178,22885,15756,9795,10641,8062,19011,17848,17732,9272,6968,7701
"M802.4638T1906.81",802.4638,31.78,2.14,4.41,0.01955,0.888,1354,1354,1354,2707,1354,1354,5630,11496,13368,23522,1354,15169,44433,58459,55130,84990,65525,24485
"M1347.0544T2616.45",1347.0544,43.61,6.22,74.54,2.33e-07,0.887,119,136,159,52,84,131,8498,17312,15166,9135,7733,7378,12229,12246,12042,5861,26,7862
"M1513.2127T2921.63",1513.2127,48.69,1.456,2.74,0.0176,0.887,5285,6062,6860,1107,3296,2215,15052,20739,17568,10112,9182,6912,20102,20016,18794,12479,12949,11216
"M1045.2871T2612.67",1045.2871,43.54,2.602,6.07,0.02042,0.887,1141,956,696,681,239,607,10875,17210,15958,1024,5255,1087,57148,56493,59511,43833,38113,43243
"M1003.5642T1939.18",1003.5642,32.32,4.203,18.42,0.02778,0.887,816,1068,222,111,277,893,25516,30365,24963,37336,111,11980,42716,39723,39063,29745,33408,43352
"M1539.2247T2928.87",1539.2247,48.81,1.569,2.97,0.02895,0.887,3655,1624,4400,459,2348,919,8791,9265,7714,4944,5508,4791,13986,13656,11852,8283,8691,7871
"M1495.7986T1907.48",1495.7986,31.79,2.298,4.92,0.0127,0.886,427,864,638,5248,464,525,4326,5316,5019,5920,5018,5761,4579,4421,4333,3675,3982,2218
"M784.0312T1948.15",784.0312,32.47,1.14,2.2,0.02843,0.886,12998,11335,9679,2334,7114,6298,28118,23380,23536,22130,17612,13156,37967,30460,31110,22816,31886,33990
"M522.9998T1217.12",522.9998,20.29,1.474,2.78,0.006925,0.885,1063,1811,1478,2642,1618,4307,6174,5032,7272,6913,7024,10157,5206,5352,7149,6307,4682,5188
"M1393.9774T2851.68",1393.9774,47.53,3.258,9.57,0.02155,0.885,8875,438209,94687,33966,488624,87203,1201700,1244718,1205948,1004698,1132409,923201,1069168,966732,1088680,862037,949309,964658
"M1394.9940T2859.86",1394.994,47.66,3.206,9.23,0.02187,0.885,11129,544385,120654,37753,535389,92298,1357117,1485248,1405322,1114610,1219180,1013410,1276408,1194155,1265902,945693,1044800,1073861
"M248.2438T2084.20",248.2438,34.74,0.733,1.66,0.005787,0.884,5724,5595,6225,4637,6325,4626,11507,19943,11477,10831,11779,7890,13136,10011,8944,16395,11021,11779
"M436.3881T2039.41",436.3881,33.99,0.73,1.66,0.01047,0.884,8524,6926,7989,10837,10268,12189,15192,15929,20363,24245,25070,20628,17630,24137,20851,26986,24685,25636
"M1597.8851T1911.12",1597.8851,31.85,3.707,13.06,0.01646,0.884,174,15,213,2394,394,330,1811,4296,4536,3447,4653,7040,3269,3161,4105,4622,3415,2048
"M919.5658T1891.27",919.5658,31.52,6.757,108.13,0.01769,0.884,500,522,632,37,37,74,56901,102851,75907,122355,37,61896,28276,28543,24852,27751,26769,28012
"M751.5480T2730.11",751.548,45.5,3.24,9.45,3.382e-05,0.883,366581,183290,183290,183290,442267,183290,2171652,2415920,2725670,3374420,3427258,3644656,1447277,1671448,183290,2100175,2535498,2598006
"M132.0635T2831.54",132.0635,47.19,3.025,8.14,0.01346,0.883,130,3712,1809,312,1075,233,10323,10678,9035,4401,4649,4502,9495,9858,8979,4441,2938,3471
"M486.1627T1248.08",486.1627,20.8,2.816,7.04,0.03759,0.883,2235,109,109,219,1399,3427,2711,6047,5643,5710,5191,5779,13564,14151,13911,15839,14275,13439
"M942.7604T2700.15",942.7604,45,0.872,1.83,0.0003929,0.882,33727,34987,33001,31486,20291,21857,78200,82644,79398,61693,57118,52407,94543,89058,89232,57469,41794,38260
"M265.2497T2085.05",265.2497,34.75,0.839,1.79,0.005976,0.882,52809,55680,32111,64982,59997,49515,113155,200383,115452,107573,116705,84381,125018,101222,93532,143250,105357,119537
"M1424.0206T2879.96",1424.0206,48,3.346,10.17,0.02134,0.882,2847,146170,29434,7459,141528,20414,362662,405334,375440,281037,331254,263348,332340,306910,354285,229981,248729,268271
"M330.3542T1532.31",330.3542,25.54,4.823,28.31,0.0246,0.882,17,73,86,39,18,18,4192,2490,2062,4845,9,3669,11471,617,13865,17766,8552,10484
"M976.6155T2820.12",976.6155,47,4.1,17.15,0.01918,0.881,441,9065,1982,151,4579,76,25963,25141,26495,15504,13871,13135,22969,21798,21603,14168,8295,11753
"M1398.5003T2504.08",1398.5003,41.73,1.85,3.6,0.01055,0.88,2283,3018,2399,1136,1771,349,9037,8242,8041,7296,4415,6119,4871,7373,7405,5085,6081,3346
"M1244.8026T2833.10",1244.8026,47.22,3.9,14.93,0.01724,0.88,117,10100,2143,117,234,777,18478,21558,16277,6349,7356,9169,21836,22784,11505,8900,5203,6817
"M232.9273T356.92",232.9273,5.95,1.182,2.27,0.01829,0.88,3484,1993,3181,8989,4620,5035,8605,9405,10157,13975,13656,18601,16379,14148,14721,25366,17609,13750
"M1069.8142T2233.99",1069.8142,37.23,4.806,27.98,0.03522,0.88,93,93,306,93,186,93,46563,53339,45890,93,1388,645,72542,51732,95687,27741,10773,17397
"M695.7101T2715.87",695.7101,45.26,1.039,2.05,0.0007659,0.879,13438,17666,15508,12151,13949,12425,36189,60415,40763,33966,35176,25401,33423,32739,33396,38740,18745,20407
"M1529.0603T2508.81",1529.0603,41.81,3.42,10.7,0.01375,0.879,419,1794,1398,199,1111,36,9581,6835,5696,3726,5503,7634,7325,4662,5960,6803,5351,1500
"M344.8763T356.94",344.8763,5.95,1.091,2.13,0.01592,0.879,1174,865,1582,2836,1776,1883,2987,3022,4120,4650,5246,7278,7760,7263,8162,12959,9504,6485
"M488.3208T1907.51",488.3208,31.79,1.179,2.26,0.008804,0.878,38048,24182,27209,77820,34732,39452,117261,115642,124272,105815,98923,94505,106927,135410,250445,244209,84611,74879
"M1564.9823T2593.22",1564.9823,43.22,7.28,155.39,0.01568,0.878,14,36,35,6,11,12,23247,20024,21984,3499,6,4305,6343,5649,7172,2648,1304,201
"M1421.0115T2869.47",1421.0115,47.82,3.148,8.86,0.02255,0.878,10085,416630,92049,25561,446087,71972,1017469,1110873,1056427,819281,944727,772937,929188,868121,946875,709491,734673,786022
"M1330.3724T2823.13",1330.3724,47.05,6.001,64.07,0.02566,0.878,158,2965,457,157,356,97,121895,112471,113885,84753,49,57982,114348,108667,102141,59915,34359,48059
"M520.4216T2408.72",520.4216,40.15,1.38,2.6,0.0244,0.877,2449,4909,6982,14749,4546,12009,24361,23789,25090,34881,11043,17430,30644,29172,27257,23511,26971,29787
"M789.5615T2570.13",789.5615,42.84,7.26,153.32,0.001719,0.876,109,218,7902,109,420,109,65835,64023,62278,62041,55277,62574,59394,55352,53489,51812,109,51783
"M480.4149T2032.34",480.4149,33.87,0.772,1.71,0.007093,0.875,13045,10084,11614,15859,17280,16660,23714,26920,29274,38918,37280,29566,23224,29652,30028,39326,32064,35106
"M1527.8169T1936.25",1527.8169,32.27,3.161,8.94,0.008655,0.875,283,225,143,577,268,175,4580,4050,3984,261,6745,4506,6395,8058,699,1258,7615,3716
"M1568.2522T2947.02",1568.2522,49.12,0.746,1.68,0.01133,0.875,993,1272,1111,943,692,480,2514,2619,1983,1595,1372,1587,3573,4198,3964,2104,2387,2335
"M854.5577T2459.62",854.5577,40.99,1.891,3.71,0.02354,0.875,7911,16767,49834,5688,49345,10765,79723,88664,93237,75374,75056,64788,78110,73820,64715,76410,69093,78517
"M1266.9158T2443.67",1266.9158,40.73,2.52,5.74,0.03001,0.875,554,1872,1669,63,2310,460,8161,1786,3816,7914,6740,6472,14481,13262,12254,9718,8866,9519
"M619.4674T2801.03",619.4674,46.68,2.707,6.53,0.03089,0.875,2010,2859,872,341,11316,11713,23063,22887,21374,25469,14130,20067,28143,26204,27448,25007,22677,28409
"M230.0370T2470.78",230.037,41.18,5.087,33.99,8.048e-06,0.874,352,395,668,402,263,578,18024,17021,18509,19857,18753,19197,20874,18983,115,19225,17859,18031
"M1396.9903T2866.51",1396.9903,47.78,3.049,8.27,0.02395,0.874,4589,217087,54283,16935,208515,37835,529896,566655,534070,393145,455503,374756,494096,456950,488910,356670,382399,389216
"M1527.5831T2841.52",1527.5831,47.36,2.709,6.54,0.02555,0.874,114,783,552,192,459,248,6950,6708,6284,5517,214,1126,6366,5281,5861,4554,3398,4151
"M314.3593T1538.14",314.3593,25.64,4.325,20.05,0.03969,0.874,1595,15826,11355,15,438,822,40429,28652,25670,26022,22988,26241,68712,80331,71052,134922,92155,79701
"M1377.6300T1938.96",1377.63,32.32,3.102,8.59,0.003059,0.873,619,301,387,1809,102,233,3364,3083,3854,8851,3025,5404,2280,3544,952,1283,3272,2660
"M1549.0790T2855.97",1549.079,47.6,2.365,5.15,0.02165,0.873,1191,7382,8886,573,5091,1095,22344,19793,20566,15255,12748,12253,18327,17127,15687,15236,11645,12908
"M745.5965T2756.97",745.5965,45.95,2.65,6.27,0.02922,0.873,4948,140801,83245,179556,176520,36343,709613,564414,394243,507288,624366,378187,685392,701403,442249,555625,880650,687633
"M288.2006T423.11",288.2006,7.05,2.633,6.2,0.01152,0.872,1734,954,4400,1490,1870,159,13748,12526,12557,6431,9039,6765,6883,6952,13683,5170,4717,5962
"M1435.0091T2463.05",1435.0091,41.05,1.428,2.69,0.03743,0.872,47637,35648,47017,24296,98139,7991,136098,129847,134280,118538,103981,91635,179323,180326,170026,131578,131136,142271
"M511.3654T2801.06",511.3654,46.68,2.282,4.86,0.04254,0.872,3212,4578,2562,3462,4451,2678,40046,36468,35561,43732,1281,32797,52003,46577,47772,44248,49143,50560
"M1523.9750T2823.35",1523.975,47.06,4.14,17.63,0.003777,0.871,308,680,33,300,270,28,5223,6010,5932,2133,3396,1624,2126,1983,3816,1106,457,1020
"M1433.4659T2823.29",1433.4659,47.05,5.831,56.94,0.02777,0.871,52,28,360,125,108,143,32557,29029,31007,22526,14,17442,32127,27484,27604,14193,4400,11509
"M1599.0807T2845.20",1599.0807,47.42,2.478,5.57,0.0167,0.87,264,5642,2056,620,2985,1048,12936,15357,11288,7143,8002,6454,12836,12294,11266,6427,5014,6016
"M714.2137T1877.25",714.2137,31.29,1.588,3.01,0.02325,0.87,489,487,698,1410,971,883,7928,3635,4220,3091,2821,650,12814,14760,12484,7153,11188,13157
"M1423.0265T2876.68",1423.0265,47.94,3.413,10.65,0.02408,0.87,3427,236046,49346,12056,240916,35671,611802,675163,629769,457462,540954,435762,572638,506030,578135,391248,415069,446836
"M1431.0302T2877.48",1431.0302,47.96,1.637,3.11,0.01654,0.869,7504,28149,19825,4870,25014,7975,56832,62217,59561,42313,48063,39938,46867,43307,47752,37423,34838,36882
"M1512.8008T1909.08",1512.8008,31.82,3.391,10.49,0.02321,0.869,122,24,370,3912,302,309,4038,4602,3780,2971,6450,1815,3674,5290,3092,2741,4461,2870
"M708.4958T2422.76",708.4958,40.38,0.946,1.93,0.0309,0.868,166942,155608,229337,81225,192291,56064,368896,361891,362250,298708,307356,278151,362161,349317,316640,333924,331146,360419
"M1565.2402T2934.97",1565.2402,48.92,0.584,1.5,0.004835,0.867,1253,1502,1689,1300,1078,872,3176,2955,2554,2172,2243,1748,5095,5560,3892,2708,2832,3102
"M201.1620T2726.73",201.162,45.45,5.312,39.74,0.01992,0.867,16,108,142,57,32,16,6607,9479,8927,12638,16,1160,4735,3042,7839,8575,442,2652
"M1388.5136T2501.96",1388.5136,41.7,1.722,3.3,0.02032,0.867,4107,1990,2487,868,2290,380,8684,6237,8575,6437,5942,5174,7352,7150,7761,5000,4632,4976
"M788.6109T2649.48",788.6109,44.16,1.953,3.87,0.02377,0.867,30679,18451,25499,2799,25743,5598,77632,74416,76253,62703,62367,52860,72140,70519,63660,54175,51276,52578
"M243.2775T1060.49",243.2775,17.67,1.194,2.29,0.03002,0.867,1866,696,1589,734,1594,327,2715,3018,5051,2721,2050,2278,5715,3411,4733,3433,3355,3560
"M1486.0423T2496.18",1486.0423,41.6,1.273,2.42,0.0326,0.867,4036,6060,5650,2039,6215,1005,14057,12166,12353,9065,9761,8704,16891,15932,15533,11495,11956,9297
"M695.9682T1965.66",695.9682,32.76,0.786,1.72,0.0166,0.865,10291,8792,7928,4975,5373,5031,24267,18697,17163,16628,9261,9800,36805,29289,31083,20292,29574,33432
"M686.5771T2674.57",686.5771,44.58,1.042,2.06,0.002564,0.864,21725,20126,22200,13294,9226,13694,52020,55046,52564,36609,28420,36801,40494,38676,39523,34130,22794,28571
"M1005.7932T2780.11",1005.7932,46.34,0.773,1.71,0.004755,0.864,16365,14927,15346,12103,12348,12137,39313,37814,36927,31009,18439,25012,26458,26608,28636,20740,21972,22200
"M1252.8003T2832.25",1252.8003,47.2,2.51,5.7,0.006608,0.864,483,4377,1402,423,1052,383,10662,10565,9326,4463,3829,4457,11276,12340,9997,3568,2517,2428
"M1541.8529T1908.59",1541.8529,31.81,3.076,8.43,0.01311,0.864,244,362,118,5290,420,448,3773,3731,4078,5434,5445,10218,2987,4046,4339,6159,4062,1675
"M457.3405T1901.93",457.3405,31.7,0.619,1.54,0.0292,0.864,18406,12435,12396,27077,18111,18762,37189,33501,38147,33279,33291,30180,36922,50197,40380,38958,33041,28469
"M777.5690T2613.12",777.569,43.55,2.871,7.32,0.04612,0.864,5242,13972,15167,12694,8137,7730,326394,223640,201234,172107,2621,95180,381033,353753,261045,309269,287658,309849
"M1541.2432T2936.46",1541.2432,48.94,0.68,1.6,0.016,0.863,3261,3845,3769,2681,2274,1795,6808,9174,7498,5132,4194,4021,11406,12014,10150,6643,7360,6424
"M694.7085T2715.76",694.7085,45.26,1.003,2,0.001425,0.862,25574,31416,31838,29661,26979,22699,70388,119360,79371,65647,65118,49010,69367,62845,67409,75517,36819,37107
"M967.1168T2828.24",967.1168,47.14,5.139,35.23,0.02467,0.862,173,274771,59876,13129,71534,17558,1205280,1113905,1085519,697090,679310,603053,1067644,1062670,981194,644525,361011,474502
"M1514.2240T2923.86",1514.224,48.73,1.057,2.08,0.03212,0.861,4686,5437,6166,1214,3244,2428,10592,12854,11027,7958,8164,5800,16532,17520,15827,10571,10634,9120
"M1599.9036T1908.93",1599.9036,31.82,3.218,9.31,0.01245,0.86,182,90,322,3473,795,171,3099,3859,3956,6641,3680,6539,2676,1289,4186,5354,2537,2601
"M319.2321T1836.53",319.2321,30.61,2.799,6.96,0.02212,0.86,6372,15204,1502,510,510,1021,26775,26311,27706,17095,20102,3041,57220,43340,42529,42615,36867,8170
"M1516.6030T2827.65",1516.603,47.13,2.355,5.12,0.003296,0.859,159,1215,644,620,857,317,5449,4513,4763,2233,2762,2414,4140,3432,2334,1023,1474,1541
"M1422.0162T2870.24",1422.0162,47.84,3.367,10.32,0.02694,0.859,4061,305068,64482,15863,329085,51538,766484,814480,789073,608948,691148,580546,690709,641086,710556,520569,545856,583295
"M235.1606T1640.10",235.1606,27.33,2.452,5.47,0.03064,0.859,48637,1831,21456,36823,3661,5787,94041,72693,125621,63467,58259,58401,117844,82370,113957,79234,69678,64704
"M482.2177T468.87",482.2177,7.81,1.074,2.11,0.00431,0.858,2889,2407,2855,2668,3753,3260,9972,11608,12089,5886,7205,4413,9085,7285,9566,5189,4163,8559
"M1582.0631T2855.21",1582.0631,47.59,2.381,5.21,0.01338,0.858,623,9309,3948,757,2599,1476,19608,21924,17458,9455,10412,8362,17774,17697,18204,9630,7178,5295
"M194.1265T442.74",194.1265,7.38,1.657,3.15,0.03628,0.858,2381,16167,19963,27697,24749,18454,56638,54861,63154,59030,62152,61609,63714,64174,68534,78603,73961,65851
"M1436.0337T2881.70",1436.0337,48.03,3.571,11.89,0.02566,0.857,1248,121868,23862,5866,124988,16598,315502,357833,333751,245271,286910,217839,273969,254270,285028,194325,206779,214310
"M1536.5787T2852.18",1536.5787,47.54,3.435,10.82,0.02588,0.857,27,3653,1672,790,1770,622,12903,12283,11931,9584,7654,7732,10678,10594,8068,8485,6977,7026
"M313.3566T1590.07",313.3566,26.5,4.892,29.69,0.0276,0.857,843,6462,4357,214,427,214,55506,198361,43319,122869,214,117240,77176,104834,140310,72066,56784,68301
"M959.2133T1064.71",959.2133,17.75,1.573,2.98,0.02822,0.857,3034,6706,1479,1643,8466,1202,11295,10523,9724,11529,12727,9564,11946,9151,11884,9421,12177,9331
"M1434.4680T2824.74",1434.468,47.08,5.679,51.24,0.03275,0.857,31,892,75,118,195,200,45293,39320,39610,29957,16,24588,41261,36997,37425,21008,11717,16880
"M744.5919T2756.09",744.5919,45.93,2.72,6.59,0.03399,0.857,6958,266356,154860,322390,325789,59503,1303627,1067068,683964,930326,1135022,676775,1258122,1326872,838265,989398,1626522,1205474
"M1090.9936T2880.94",1090.9936,48.02,1.018,2.02,0.03763,0.857,4766,4336,5418,1452,2070,1281,9049,9124,8749,6907,5910,4675,15662,14097,16267,8614,10700,9227
"M1280.1477T2822.30",1280.1477,47.04,3.125,8.73,0.0008673,0.856,876,2639,1908,1146,801,290,23905,22539,19142,6104,7033,5433,18403,17091,16551,5289,1245,4064
"M1277.7086T1899.93",1277.7086,31.67,3.784,13.78,0.007976,0.856,279,10065,1609,2004,13224,1847,31961,29100,25293,116178,48604,52739,30934,16794,24926,12251,15076,35376
"M1583.0575T2849.62",1583.0575,47.49,2.927,7.6,0.01636,0.856,324,8295,3113,308,2474,1198,19486,23000,16739,9636,10227,9257,18633,18087,18499,9273,4966,6344
"M247.2379T2084.66",247.2379,34.74,0.586,1.5,0.02393,0.856,30592,31634,28440,30506,26441,25849,53871,104142,49727,47338,54825,42126,65113,56228,46889,74710,52991,61094
"M1435.0310T2880.57",1435.031,48.01,3.481,11.17,0.02607,0.856,2261,168593,36769,6178,173248,23574,406868,468268,448803,321542,387329,298803,369495,342547,379126,257563,267597,291184
"M537.1551T2697.31",537.1551,44.96,1.213,2.32,0.01515,0.855,7705,5424,5983,7160,8055,6174,11706,13641,54626,20300,20398,17737,30773,12163,19269,24073,18901,16179
"M1151.6293T1908.93",1151.6293,31.82,1.707,3.26,0.0161,0.855,683,1038,1914,2670,1626,2321,10347,8938,8099,1647,11918,5223,14435,18195,4300,22826,21005,12818
"M1589.0663T2846.18",1589.0663,47.44,4.04,16.46,0.02515,0.854,82,15035,3443,206,5755,611,33808,42759,31541,18373,22305,15252,35465,33437,32295,15829,13104,15267
"M1416.0120T2494.06",1416.012,41.57,2.27,4.82,0.03141,0.854,11134,15530,17376,1596,20028,1262,56227,51391,54013,38408,36088,32684,54915,54828,52154,37581,39248,38163
"M1115.0177T2888.45",1115.0177,48.14,2.658,6.31,0.0426,0.854,5996,11758,9289,609,1158,211,22028,22791,20214,16927,14378,11590,36155,33493,32008,24609,22688,21671
"M1442.0684T2598.85",1442.0684,43.31,5.442,43.48,0.02187,0.853,43,62,19,88,20,29,8198,7089,8521,5047,10,3449,7790,6230,6809,4383,159,2551
"M749.5332T2512.36",749.5332,41.87,4.269,19.28,0.03434,0.853,11499,44009,222851,292,104608,37202,583594,548811,558262,582556,558276,525766,644836,624091,640607,687927,643903,602561
"M1127.1717T2410.06",1127.1717,40.17,1.441,2.72,0.03551,0.853,246,1033,1131,2772,936,722,2953,1490,5297,5098,2303,3667,10346,10537,9568,9367,12168,10943
"M793.5671T2534.19",793.5671,42.24,2.205,4.61,0.03695,0.853,6988,15623,14234,3494,11081,3494,78756,69325,70886,87173,3494,79361,89625,86301,84221,100521,97381,94763
"M537.6799T1233.15",537.6799,20.55,2.452,5.47,0.02122,0.852,936,3735,778,1027,197,4971,7420,5318,9700,9518,8622,10874,7364,6352,8581,6368,5353,6736
"M1416.9842T2870.53",1416.9842,47.84,1.791,3.46,0.02548,0.852,4637,27109,18005,3691,29006,7880,53124,59792,54210,43639,50035,40384,48630,44898,45546,40337,40745,38733
"M421.0175T1521.81",421.0175,25.36,0.881,1.84,0.0145,0.851,1304,1844,2110,3373,2159,2789,7103,4937,3832,7766,4326,4135,13926,10641,5727,14925,11128,8921
"M469.1861T1528.38",469.1861,25.47,1.369,2.58,0.000925,0.85,18142,10487,11539,7435,6435,8419,36799,47312,38742,26581,27447,24747,29128,29127,35736,12186,17477,21862
"M1079.6978T2893.79",1079.6978,48.23,0.994,1.99,0.002054,0.85,22012,43467,30672,22430,29032,19939,89179,94167,86410,56274,56009,48155,81091,75186,79419,50529,38571,40821
"M1591.7271T2820.71",1591.7271,47.01,4.096,17.1,0.004572,0.85,169,9,117,18,234,133,3235,3229,3790,1137,567,455,2788,2175,2254,498,520,163
"M1199.6272T1929.50",1199.6272,32.16,3.156,8.92,0.008795,0.85,1787,1446,1521,802,860,138,13945,14622,20718,910,16766,13538,12977,13615,1882,14453,12368,8523
"M775.5793T2804.88",775.5793,46.75,1.813,3.51,0.0308,0.85,2619,8267,1772,11217,6168,7740,71806,33764,26689,30555,4696,19301,97578,58434,45448,42839,47786,35673
"M1486.1678T2906.72",1486.1678,48.45,1.259,2.39,0.02291,0.849,3844,4873,6900,1385,2777,2050,14813,17060,14138,10139,4433,5531,19737,16963,16612,9738,10720,9278
"M1411.0120T2877.56",1411.012,47.96,3.633,12.41,0.02984,0.849,1172,84567,20376,1228,77320,12424,214172,234887,218772,151276,177359,136502,193725,180951,198819,137659,143097,149635
"M1367.7675T1904.11",1367.7675,31.74,2.549,5.85,0.01946,0.848,1577,885,396,13841,1972,1518,9576,11626,9754,23512,12047,13870,10173,8875,9784,13754,7364,9940
"M796.6294T2732.56",796.6294,45.54,3.191,9.13,0.02716,0.848,6682,38674,12825,431,34087,10121,108891,149731,129601,81174,108192,71539,112908,109330,114771,70121,64682,79171
"M1425.0109T2882.63",1425.0109,48.04,3.48,11.16,0.02912,0.847,1370,74417,20055,1466,80079,12861,178189,197406,188343,154935,186688,144444,167105,157873,172939,124663,140734,123886
"M837.3024T2254.67",837.3024,37.58,1.941,3.84,0.03722,0.847,13320,1903,4213,4405,1688,436,13664,14094,15132,11886,13093,11334,13015,17358,14177,14918,17946,11277
"M589.4787T2637.48",589.4787,43.96,0.922,1.9,0.0457,0.847,35056,35431,40501,137133,29120,33670,117123,129884,111857,96581,100768,87762,302633,279321,276575,303962,276325,264093
"M1440.0034T2880.57",1440.0034,48.01,3.452,10.94,0.02472,0.846,367,22830,7656,838,22029,3649,64075,69488,65731,47935,55930,43864,53876,47210,55006,38229,25331,40025
"M1424.9581T2420.08",1424.9581,40.33,3.691,12.92,0.03412,0.846,7273,3690,10327,3363,11016,45,53602,51090,53471,42859,44436,35679,57704,57049,48015,40093,40236,47142
"M158.9242T355.92",158.9242,5.93,1.472,2.77,0.04261,0.844,74,127,83,547,209,406,416,483,702,722,645,1177,1390,925,1407,1757,1344,941
"M753.1256T2801.98",753.1256,46.7,1.71,3.27,0.02493,0.843,3741,425,3192,2685,1558,3122,6342,4695,11364,14094,4829,16385,17149,8935,21224,9808,8704,9476
"M796.2184T1947.32",796.2184,32.46,1.322,2.5,0.01399,0.842,1954,2372,2963,1547,2857,1651,13279,10804,9538,7258,4747,2407,12445,9156,11540,3255,5692,9785
"M1584.0631T2842.58",1584.0631,47.38,2.903,7.48,0.02313,0.841,191,8969,2532,381,3589,1275,20030,25063,19285,9285,11239,6068,18986,19257,18031,10979,6089,8925
"M1428.5355T2548.63",1428.5355,42.48,3.138,8.8,0.0299,0.841,3844,14291,11390,211,4994,538,35159,52053,34166,24645,22230,22353,30030,27225,28054,25867,24094,25507
"M1004.5616T1940.09",1004.5616,32.33,3.038,8.21,0.04808,0.841,384,1842,1382,186,373,719,17503,20839,16693,23497,186,2612,26899,23401,23000,18764,20711,26025
"M1191.2925T2828.25",1191.2925,47.14,1.84,3.58,0.02032,0.84,432,3901,691,1786,1995,1246,8760,8636,9830,8095,1465,5731,9129,11026,7280,8187,3986,5716
"M330.3564T1168.11",330.3564,19.47,3.634,12.42,0.0462,0.84,308,63,358,143,216,79,10413,9474,8920,6729,31,1544,8398,4573,7024,6058,7130,5234
"M1590.0820T2849.27",1590.082,47.49,3.447,10.91,0.02843,0.838,340,15628,4746,157,7045,2220,38522,44798,34388,18715,23338,18688,35897,36435,34200,17508,15252,18113
"M186.9217T356.99",186.9217,5.95,1.109,2.16,0.04261,0.837,333,315,977,1380,633,968,1370,1153,1737,2430,2060,2944,3501,2856,2675,4070,3367,2596
"M1585.0669T2842.52",1585.0669,47.38,2.633,6.2,0.02716,0.836,169,8782,3057,981,3324,1017,17826,20664,14725,9273,9870,7994,16900,16916,16623,9795,6160,8905
"M1121.1838T2417.08",1121.1838,40.28,1.111,2.16,0.0481,0.836,1083,802,1365,2881,2835,507,4167,4699,5139,3815,1901,3165,11194,12082,10933,9739,12712,10747
"M1375.9607T2852.10",1375.9607,47.53,1.187,2.28,0.02408,0.835,35134,130558,76651,42872,136669,45696,204839,226172,224113,171128,204797,167346,189806,168934,187687,144115,164773,163737
"M1366.7897T1906.71",1366.7897,31.78,2.051,4.14,0.03035,0.835,1537,908,1371,13375,750,673,8179,7742,7382,8711,7963,9367,6651,7597,8035,11996,8627,4927
"M1441.0639T2598.98",1441.0639,43.32,4.588,24.05,0.04937,0.833,144,264,94,123,178,19,15287,15277,15853,8184,10,4647,14120,13471,13320,8844,7356,7625
"M637.2990T2181.37",637.299,36.36,2.181,4.54,0.000643,0.831,42737,13747,14856,18719,21109,22659,105811,145439,245210,54994,135594,112174,99314,44933,67756,33768,164135,51171
"M741.6689T2793.17",741.6689,46.55,1.134,2.19,0.01283,0.83,3032,10572,8636,8873,9238,8792,22827,24210,23117,23701,14177,24051,20557,16903,26374,20337,11200,23146
"M1589.0586T2486.07",1589.0586,41.43,3.164,8.96,0.02795,0.83,816,1289,1186,275,1090,22,11470,10508,11587,6172,446,5148,7695,8358,7548,6136,6847,7157
"M1482.0544T2597.09",1482.0544,43.28,5.697,51.89,0.03781,0.83,115,206,297,13,139,16,28247,25923,27011,19802,7,7212,28636,26124,3604,18392,13347,6190
"M331.2823T2051.84",331.2823,34.2,0.867,1.82,0.003849,0.828,76227,97755,88120,141758,95897,93604,216028,194637,172271,318945,299483,205897,963235,925788,797781,1065061,1030162,1160921
"M789.5725T2649.50",789.5725,44.16,1.235,2.35,0.01514,0.828,17490,19613,22683,4869,16021,12672,53938,48321,50083,41558,30869,36189,39479,37886,37835,28720,27661,29635
"M1547.8265T1919.74",1547.8265,32,4.385,20.9,0.03152,0.828,123,15,8,6738,86,112,3250,1433,3182,1010,4738,4935,2606,4643,2886,1878,2336,1752
"M421.2497T2053.59",421.2497,34.23,0.633,1.55,0.0005994,0.827,9321,12118,10855,8995,9579,9857,21835,18824,17697,22036,23901,17570,67584,66872,58449,56259,57002,72856
"M798.2879T2230.19",798.2879,37.17,3.302,9.86,0.03706,0.827,17041,120,1682,3437,263,240,15174,13645,12700,13443,7451,12130,11771,17034,7949,11417,12555,13146
"M1081.6963T2896.01",1081.6963,48.27,0.787,1.73,0.002844,0.826,5836,9428,7255,5985,6467,5983,20648,19498,17718,12258,11969,10821,16185,17168,16680,9559,9438,10106
"M788.5758T2570.21",788.5758,42.84,2.001,4,0.01222,0.826,8024,8024,8024,8024,8024,8024,55274,65875,62061,44872,8024,62697,27416,26745,26444,29053,16047,23211
"M198.9633T358.20",198.9633,5.97,0.749,1.68,0.0006925,0.825,3399,4688,3911,3341,4678,3618,8030,7564,8343,8097,9472,9469,8069,6305,6809,7469,7071,4515
"M1411.9814T2872.97",1411.9814,47.88,2.684,6.42,0.03144,0.825,1563,62211,19380,5720,62602,11602,126401,138922,128925,106095,121035,87870,105387,99690,124260,74628,75887,100779
"M575.4597T2610.67",575.4597,43.51,0.704,1.63,0.04643,0.825,15271,27242,47922,39604,37053,19686,56499,65468,58978,61869,60515,61071,64020,62582,61151,62708,76511,67762
"M721.5993T2834.67",721.5993,47.24,1.41,2.66,0.02408,0.824,6035,8609,6253,13584,21207,27292,33329,25927,28620,61897,47986,56688,38766,41552,28147,55452,73791,60854
"M463.4158T2728.11",463.4158,45.47,2.933,7.64,0.03524,0.824,597,20018,21703,23546,1195,13313,57761,62301,66135,78699,72796,65617,60884,54527,57661,53753,62604,59535
"M654.3268T2180.78",654.3268,36.35,2.178,4.52,0.0005503,0.823,36590,14445,14755,12948,21464,19004,90750,130721,227756,51902,115427,101230,90337,40036,57990,26738,140054,46839
"M1461.0508T2887.73",1461.0508,48.13,3.783,13.77,0.03203,0.823,746,27234,7721,168,27554,4449,77681,86897,80866,56993,66066,49702,63251,55581,64960,41051,41697,46252
"M1545.8659T1977.60",1545.8659,32.96,1.051,2.07,0.0216,0.821,1218,604,1023,1953,1892,1838,3025,3612,4487,3303,4169,2777,2388,4824,3441,5478,3555,2548
"M1391.9626T2841.16",1391.9626,47.35,1.246,2.37,0.03161,0.821,21826,100619,48819,27555,103552,29316,203071,219139,115084,110319,126212,103768,192495,183258,186989,159634,99961,112255
"M1420.4785T2819.39",1420.4785,46.99,4.932,30.53,0.03001,0.82,45,307,711,41,21,138,17413,18772,17878,10000,21,3596,16170,14215,14566,6420,1147,3352
"M449.2620T1912.40",449.262,31.87,2.497,5.65,0.04479,0.82,67821,2864,2864,63071,33443,5728,141915,104125,123232,94730,86228,67880,127979,145628,151731,112556,73874,106611
"M1522.9981T2821.32",1522.9981,47.02,3.177,9.04,0.0007986,0.819,240,877,343,155,274,224,8208,7412,5516,1325,2037,1932,5434,6697,542,825,743,1658
"M536.1553T2697.91",536.1553,44.97,1.162,2.24,0.01879,0.819,18070,7994,10761,10955,15964,12413,21147,24224,99603,35105,33803,32447,58218,22541,37223,47909,34430,28969
"M1060.6216T1977.95",1060.6216,32.97,2.308,4.95,0.02522,0.819,4681,710,1420,710,8735,6721,7189,13255,17440,13593,21695,27438,7758,17901,14014,33969,22926,11908
"M1550.0659T2858.75",1550.0659,47.65,2.097,4.28,0.03222,0.819,1240,10481,10131,1033,6737,1012,21483,21847,19409,13952,14208,14607,18161,17010,16804,14835,10539,12845
"M1542.2490T2939.51",1542.249,48.99,0.591,1.51,0.03274,0.819,2741,2631,2878,2073,1761,1329,5517,6011,5327,3782,3390,2409,8985,9507,7622,4976,5625,5022
"M1576.0620T2841.97",1576.062,47.37,3.075,8.43,0.0333,0.819,304,16898,7294,361,7613,1750,33266,40475,29701,17526,24576,17391,33601,34243,31097,16201,15029,16113
"M239.2345T2051.27",239.2345,34.19,0.823,1.77,0.007141,0.818,40234,46382,43210,70493,58187,48701,106730,93710,85687,158808,157571,106719,451431,432245,380847,530850,528336,565172
"M1566.2470T2935.98",1566.247,48.93,0.614,1.53,0.02394,0.818,1215,1455,1455,1170,911,586,2713,2991,2466,1964,1714,1422,4871,5009,4419,2376,2633,2684
"M1212.8219T2584.18",1212.8219,43.07,1.166,2.24,0.02746,0.818,12262,13067,13182,2573,7673,6415,29498,31023,28489,19963,17833,17085,30842,28517,26442,18853,17783,16205
"M314.2755T2050.62",314.2755,34.18,0.79,1.73,0.006289,0.817,37446,40737,37823,59125,48271,42454,92316,79999,73868,134131,131755,89773,397016,352274,322349,441325,431681,462712
"M465.4287T2800.37",465.4287,46.67,3.127,8.74,0.01876,0.817,1244,1244,1244,41401,1244,1244,28654,26033,23757,33137,24323,17825,37168,32368,32819,2488,34400,27541
"M1432.5072T2524.07",1432.5072,42.07,2.055,4.16,0.00135,0.814,5584,5675,6080,2495,6060,1568,16187,28982,36668,13056,24993,19451,24408,30549,7945,5550,14925,10013
"M514.4822T495.32",514.4822,8.26,1.018,2.03,0.01783,0.814,4303,5276,6241,9408,7518,9730,13262,10930,14733,21425,24329,28073,13411,16629,14920,24475,23872,24624
"M1532.3079T2826.52",1532.3079,47.11,3.743,13.39,0.001711,0.813,323,177,156,111,108,198,7459,5484,4837,483,2970,1987,6824,6663,167,2225,478,932
"M1591.1022T2852.22",1591.1022,47.54,2.543,5.83,0.03284,0.813,822,9536,10425,352,5932,1495,24174,29478,24706,14438,15701,11646,24164,23832,21380,13467,10189,13108
"M1011.0786T2824.48",1011.0786,47.07,1.614,3.06,0.03833,0.813,3122,18028,8675,1289,7492,2884,17876,18247,17646,23107,20181,19307,19961,22053,17880,22197,12911,17155
"M1422.0054T2447.66",1422.0054,40.79,2.416,5.34,0.0036,0.811,5798,5867,11137,3912,12206,1556,41139,43126,42388,43838,23846,38334,50708,3435,49091,38852,38988,43592
"M1420.0007T2451.83",1420.0007,40.86,1.151,2.22,0.04972,0.811,22164,19209,36391,11090,46777,6185,59350,60062,56936,60495,45597,49353,65539,69750,66465,48787,48290,56535
"M1419.4324T2233.99",1419.4324,37.23,5.919,60.52,1.063e-05,0.808,255,340,1242,285,839,737,66555,73945,63376,26251,27764,19111,19143,14295,25012,209,2752,4051
"M313.2716T2051.27",313.2716,34.19,0.785,1.72,0.01064,0.808,156589,183106,162820,290945,228390,197971,410934,363305,331626,611148,615381,400998,1869547,1642632,1522169,2052879,1980986,2223619
"M1321.0334T2613.87",1321.0334,43.56,4.663,25.34,3.183e-05,0.806,543,250,96,339,419,275,19293,11365,10893,6911,6209,6130,10856,10538,9561,48,5226,6307
"M1307.8507T2821.50",1307.8507,47.02,2.089,4.25,0.01395,0.806,1916,4060,2499,349,2505,698,12503,11844,10002,6148,6676,5363,9621,10929,11101,4387,2972,3407
"M1488.0375T2473.69",1488.0375,41.23,5.131,35.03,0.000208,0.805,1529,2574,2923,1196,3464,402,104818,86677,87900,64761,59939,53012,98588,95821,201,79615,78014,80359
"M264.2651T1255.96",264.2651,20.93,5.249,38.03,0.001985,0.805,31,31,31,61,68,131,6946,9410,11549,1319,434,506,2573,4794,3520,31,367,437
"M752.2137T2796.69",752.2137,46.61,2.37,5.17,0.006239,0.805,562,3562,3515,4703,1341,895,8204,16721,8509,15426,11258,17358,3071,8313,10832,4988,6028,9847
"M236.1658T1640.22",236.1658,27.34,1.029,2.04,0.02983,0.805,11583,2279,8134,5583,5226,3939,17713,14130,22265,11519,11812,10901,22322,17077,20687,13037,10723,10199
"M1587.0381T2842.04",1587.0381,47.37,2.334,5.04,0.03027,0.805,258,7299,3485,655,3573,942,14132,17271,12794,7730,8829,5183,13509,13126,13392,5997,6839,5417
"M1563.2257T2920.35",1563.2257,48.67,1.321,2.5,0.02801,0.8,587,258,445,111,400,222,2481,550,672,1112,1282,574,3804,3909,3522,611,1693,2215
"M1421.4814T2821.60",1421.4814,47.03,4.591,24.09,0.03221,0.8,107,876,128,104,65,421,20877,20456,20121,12606,33,8811,18270,15604,17007,7524,952,3034
"M343.2168T2047.18",343.2168,34.12,0.832,1.78,0.0001055,0.797,9196,8350,7822,7715,8158,7776,16314,21914,18010,21929,16084,19121,125838,132994,129191,142524,136333,128917
"M1193.7982T2613.40",1193.7982,43.56,0.72,1.65,0.00857,0.797,26862,30321,28390,39233,19171,18298,73520,71437,70882,45461,45142,38675,67304,64587,60433,40347,39698,36928
"M1405.7822T1903.86",1405.7822,31.73,3.256,9.56,0.024,0.797,231,204,459,8413,78,136,2572,7319,5884,8427,1556,4712,3325,1276,4594,4754,3258,2484
"M409.3663T1908.10",409.3663,31.8,0.728,1.66,0.0469,0.797,32965,22871,24176,74240,35141,38306,72427,69152,76748,70352,74282,86714,78367,105784,85105,97519,72848,57236
"M332.2830T2051.07",332.283,34.18,0.673,1.59,0.00694,0.796,21435,25367,24848,32466,25280,25876,49278,47175,40402,72499,66899,48023,212696,199466,184435,240241,223373,260412
"M297.2591T1878.74",297.2591,31.31,2.414,5.33,0.009366,0.796,906,906,906,9272,906,1812,8053,7262,8015,13493,7322,25993,5393,9158,15063,13952,1887,9315
"M1061.6221T1976.29",1061.6221,32.94,2.323,5,0.02518,0.796,3751,1138,1825,356,7056,6118,10558,13004,15771,11855,16869,20103,6381,14062,7005,25346,17008,8490
"M1403.9995T2868.40",1403.9995,47.81,1.56,2.95,0.04023,0.796,13226,78585,64205,12495,89952,20985,138338,153285,150119,108584,132389,104704,131419,120864,129139,97184,108917,107310
"M1198.6301T1924.55",1198.6301,32.08,2.732,6.64,0.04493,0.796,1252,1278,1128,1363,2435,768,21990,24438,26047,384,21242,16055,13632,13217,6239,14684,13607,9990
"M1159.7747T2724.99",1159.7747,45.42,3.748,13.44,0.02376,0.795,372,3702,1022,1567,806,175,32659,43702,35209,30447,316,17596,15792,13991,16396,7562,5195,8598
"M1437.0361T2886.48",1437.0361,48.11,4.825,28.34,0.04468,0.795,212,81885,15740,106,77175,10614,222480,245548,229280,158848,191917,149577,197669,174381,206845,131017,137027,148758
"M1554.0909T2843.17",1554.0909,47.39,2.744,6.7,0.03499,0.794,266,5760,2465,343,2728,830,24876,26235,22002,11042,720,10813,21491,21318,19645,10992,7791,8467
"M1600.5530T2845.21",1600.553,47.42,2.313,4.97,0.02232,0.793,317,6006,1775,371,2293,713,14356,10413,11766,3988,5057,4027,11740,10301,13075,4164,3230,3254
"M1410.0128T2874.55",1410.0128,47.91,3.724,13.21,0.0464,0.793,356,159783,35849,10500,156013,26243,394753,442837,424566,303556,347746,275961,375927,334917,386500,267772,284284,300074
"M1306.8536T2821.54",1306.8536,47.03,2.066,4.19,0.01004,0.792,1537,5159,3570,514,2847,1118,15516,15578,14809,6855,7121,6626,11625,12047,10637,4111,3405,4665
"M300.2881T1445.05",300.2881,24.08,0.705,1.63,0.005241,0.791,15839,21335,18028,13119,11185,15497,40217,42291,40279,32896,24435,21858,33958,28036,28751,26162,23227,20495
"M251.0359T1259.88",251.0359,21,4.233,18.81,0.002237,0.789,367,172,326,201,249,346,732,6844,7577,15107,12023,10598,512,191,4357,11363,7148,8846
"M1177.9377T2750.13",1177.9377,45.84,6.114,69.25,0.005758,0.788,53,1560,182,53,6001,106,21246,25978,21290,32978,26452,25293,16304,18068,53,45530,21753,22908
"M683.5379T2049.98",683.5379,34.17,0.788,1.73,0.0235,0.788,28092,41044,31411,65403,43658,42696,95579,69212,62748,136474,127274,75270,459573,421705,395944,506706,480286,537583
"M1599.5772T2844.97",1599.5772,47.42,3.576,11.92,0.03438,0.787,100,3797,988,13,638,366,10584,10052,9784,4435,5660,579,4112,5331,8894,4430,3514,3592
"M137.0585T1589.66",137.0585,26.49,2.221,4.66,0.01027,0.786,4673,6208,4824,2946,3909,2879,64738,79227,25520,12504,17239,7847,15106,17422,10370,13099,9274,10442
"M230.0402T2745.43",230.0402,45.76,2.927,7.61,0.0129,0.785,852,12191,5591,455,3142,1006,28787,38774,28436,13699,13814,12504,28038,26007,3633,8915,8761,10261
"M1430.0069T2879.43",1430.0069,47.99,1.405,2.65,0.03167,0.785,18658,50844,37434,6511,37759,13023,91586,100434,88584,62402,67024,53368,77279,73990,75954,51102,49396,53821
"M943.7712T2696.34",943.7712,44.94,0.877,1.84,0.0009454,0.783,21725,24170,20977,17362,12923,13032,49390,52630,52969,37791,35507,30994,53891,54088,52031,30507,23654,19611
"M1086.2145T2917.39",1086.2145,48.62,2.681,6.41,0.004816,0.782,679,5783,703,2675,2198,733,19400,17404,16886,8794,9260,8269,14226,12381,14923,980,6852,7330
"M1555.5870T2866.51",1555.587,47.78,2.765,6.8,0.03541,0.782,191,4902,5016,204,433,470,13629,11697,11458,8444,787,7362,10390,10522,9207,6289,4201,5300
"M364.3383T1913.36",364.3383,31.89,0.987,1.98,0.03791,0.782,47509,32841,37587,154090,56256,55238,112072,126309,151488,126679,142016,205175,129256,177281,163092,204982,136569,94455
"M753.5578T2733.30",753.5578,45.56,3.305,9.88,5.526e-05,0.781,19400,54626,31333,29940,58003,20685,315080,343112,384699,475373,493418,528988,232072,244992,254604,317958,9700,393752
"M1389.9703T2863.86",1389.9703,47.73,1.342,2.54,0.04356,0.781,9417,60068,48414,15390,62603,18665,97062,104642,100691,83207,93317,76423,90039,81308,87309,71811,77415,74970
"M766.5397T2590.28",766.5397,43.17,2.533,5.79,0.0027,0.78,25048,25048,25048,25048,25048,25048,250147,250162,242292,50097,244234,232426,260286,261309,25048,25048,266273,236281
"M728.2284T1946.31",728.2284,32.44,2.111,4.32,0.001734,0.779,2988,1359,3568,825,1727,1272,17877,14822,13030,8364,7284,3769,17563,13268,15770,915,8806,15022
"M980.7573T2770.31",980.7573,46.17,1.57,2.97,0.01936,0.779,23975,22943,23170,4206,27089,22214,68701,73905,73816,66474,67262,61229,28546,40124,55029,50644,56331,57629
"M567.0242T1247.09",567.0242,20.78,1.051,2.07,0.03152,0.779,3321,7977,2252,4830,3125,8549,10056,8611,11704,13300,12693,16530,9949,10093,14688,14929,9135,10024
"M188.0299T2637.27",188.0299,43.95,1.15,2.22,0.03957,0.778,711,668,1241,540,514,892,1758,803,1417,4632,2794,3124,2093,1940,1862,4182,4559,5641
"M365.3397T1913.36",365.3397,31.89,0.98,1.97,0.0457,0.778,13909,7294,8111,37081,13702,14171,29025,29843,35228,32174,34354,48083,34245,42986,38187,51054,33003,24273
"M1407.7920T1910.12",1407.792,31.84,4.132,17.53,0.006253,0.777,147,624,168,7336,1523,616,4831,11214,9314,24211,23778,49312,3340,2138,10031,14764,5478,2522
"M1330.8874T2826.17",1330.8874,47.1,4.032,16.36,0.04346,0.777,70210,1478,739,739,114505,739,132788,93016,87192,59643,80233,82811,101150,93303,78693,57040,29753,49525
"M750.5418T2513.19",750.5418,41.89,2.86,7.26,0.001521,0.776,41817,46755,23695,9290,44690,18580,248548,254130,251663,263531,241539,239824,286051,295295,9290,129198,282139,252019
"M277.1369T2801.06",277.1369,46.68,9.472,710.32,0.0001512,0.775,132,17,17,33,127,206,60338,56475,57460,34378,56334,48763,72018,68383,17,17,74849,70895
"M667.5558T2366.54",667.5558,39.44,5.629,49.48,0.03995,0.774,68,34,34,34,34,34,11152,29626,29448,19132,34,34,18804,34,30565,31266,30051,31709
"M698.6440T2843.43",698.644,47.39,1.892,3.71,0.005863,0.773,59822,67579,68554,14839,34193,67400,217185,213970,214477,250617,220569,208544,234070,190718,29679,201876,214641,202267
"M920.5704T1892.04",920.5704,31.53,3.713,13.11,0.04576,0.773,2883,1693,322,942,922,749,31548,56375,41554,60589,161,33433,16229,15631,13104,15248,14892,14997
"M1342.6364T1912.58",1342.6364,31.88,3.007,8.04,0.00355,0.77,1633,4998,2251,2442,11302,3237,16848,15693,16996,82810,50223,110189,15983,9204,13451,19876,7856,14651
"M851.6554T2233.08",851.6554,37.22,4.562,23.62,0.04222,0.769,315,315,315,629,315,315,66734,89289,81944,32363,315,315,173647,136033,250055,70457,315,59402
"M1439.0317T2886.18",1439.0317,48.1,3.08,8.45,0.03304,0.767,372,27333,2993,1558,27306,3427,62623,49355,45245,25213,47875,44497,55902,49477,53154,19686,8096,41094
"M694.4834T2387.72",694.4834,39.8,0.78,1.72,0.004239,0.766,30467,33757,38630,23286,34634,19016,83035,81258,82219,52271,54448,45851,52879,54602,51023,43673,44127,43730
"M478.4420T2623.01",478.442,43.72,0.794,1.73,0.001604,0.765,35572,32531,32046,45673,40462,44903,75183,82538,87490,97609,91489,80041,74825,69003,71242,38501,65550,67933
"M1596.4172T1979.95",1596.4172,33,3.807,14,0.008121,0.765,214,2504,1310,212,7495,1869,9524,11203,9435,55435,33491,38927,9339,4850,9070,10575,2309,9825
"M1192.7936T2613.46",1192.7936,43.56,0.706,1.63,0.01519,0.765,33744,35828,33589,48918,21700,20991,91331,85091,82220,55557,50562,44158,80722,80937,71496,50285,46464,43086
"M1569.0487T2856.37",1569.0487,47.61,2.378,5.2,0.04903,0.764,125,8012,4205,766,3058,1227,12850,14845,12199,7745,8439,7269,9313,9763,11161,7421,7159,7045
"M229.0422T1260.75",229.0422,21.01,3.06,8.34,0.0188,0.763,331,362,182,261,166,114,643,268,5632,3972,8097,5373,536,4324,1280,1634,4747,430
"M1289.1436T2828.14",1289.1436,47.14,5.255,38.19,0.007601,0.762,257,2116,194,3396,97,583,97352,81672,75088,590,31230,26507,83458,83621,71528,220,9524,15310
"M497.2821T2192.29",497.2821,36.54,0.597,1.51,0.009229,0.762,19147,19321,22358,19225,21954,30287,42300,38901,38749,54521,39852,42392,39441,39470,27863,37785,60005,37517
"M755.5624T2731.77",755.5624,45.53,1.607,3.05,0.01431,0.762,6723,7082,5570,9852,6074,5198,38553,36954,36695,41547,6301,22370,26268,14533,26966,28019,7003,21745
"M1179.7918T2735.03",1179.7918,45.58,3.903,14.96,1.417e-07,0.761,1070,1840,1176,1104,1234,839,26227,31341,23838,26747,18636,14118,10035,9508,2468,420,11819,12132
"M1203.8348T2616.56",1203.8348,43.61,2.226,4.68,0.007979,0.756,1839,1860,1984,2367,1574,1757,24500,23305,22886,8653,3782,5058,6152,4346,5393,4402,3627,4777
"M766.5376T2468.56",766.5376,41.14,6.467,88.49,0.009242,0.756,746,746,746,746,1493,746,250517,266196,261788,746,247192,239126,405341,406392,746,746,367638,366873
"M527.6649T1096.03",527.6649,18.27,1.554,2.94,0.04014,0.755,2680,10682,3608,2112,1786,14574,12753,17392,21721,15096,7808,29731,13178,31551,14575,14457,9955,16935
"M593.5912T2714.02",593.5912,45.23,0.631,1.55,0.003601,0.753,182488,219932,238785,247977,252873,209400,402651,682167,446764,440635,447836,332022,426705,400146,400183,593455,277178,287466
"M816.6617T2796.69",816.6617,46.61,3.428,10.76,7.158e-05,0.748,1414,2241,1852,4588,2235,2004,26968,29649,29415,36530,32650,30957,24682,22087,23791,21642,490,8459
"M566.2372T1888.32",566.2372,31.47,3.383,10.43,0.001796,0.746,658,938,480,486,1001,1184,25317,16714,16465,1907,11510,6670,28093,25445,240,1974,20703,27524
"M372.3616T1100.76",372.3616,18.35,1.691,3.23,0.0198,0.746,596,694,489,347,500,636,5111,2649,2047,4914,538,1599,4154,437,4286,2660,3788,1786
"M1581.5639T2849.92",1581.5639,47.5,2.481,5.58,0.04536,0.746,273,8805,3444,196,3289,1425,13495,17594,13187,7209,7362,6457,13554,14593,12918,5757,4465,4809
"M1473.1918T2803.47",1473.1918,46.72,3.485,11.2,0.006445,0.744,685,385,133,247,312,149,4720,8640,7384,7497,5732,284,2920,3272,12073,5555,86,5444
"M1597.4474T1979.83",1597.4474,33,2.089,4.26,0.01073,0.74,784,509,938,4268,1812,531,3222,3768,3690,11143,8245,10290,2444,3257,3822,5975,2684,2486
"M802.6268T2714.37",802.6268,45.24,4.077,16.88,5.025e-05,0.739,613,272,272,272,587,272,6179,5102,3602,10776,14500,11899,272,2343,23058,544,1889,1586
"M230.2463T1431.78",230.2463,23.86,0.804,1.75,0.006869,0.738,29854,52197,50680,28879,53790,33028,99871,103504,70579,109377,82974,80367,81644,55836,56500,147377,72481,83917
"M1145.7755T2713.93",1145.7755,45.23,4.668,25.42,0.04438,0.737,313,943,104,545,79,43,23694,36549,27328,20074,22,6987,8109,6936,9362,3826,1015,4255
"M594.5927T2714.00",594.5927,45.23,0.588,1.5,0.00639,0.729,81247,96139,103984,111623,113231,91097,170412,298509,193994,185953,191982,141949,180937,176466,167563,257493,120840,130832
"M1065.6111T2229.16",1065.6111,37.15,2.781,6.87,0.0004846,0.725,4456,3180,7761,4033,9983,5450,49560,50564,50439,44806,47647,43667,33456,24009,44664,12670,4851,4596
"M782.5343T2618.30",782.5343,43.64,3.741,13.37,0.02863,0.725,1512,2592,1039,519,3758,2219,111273,55243,59859,519,51493,47548,125763,91887,100300,519,81181,92374
"M1485.8447T1978.82",1485.8447,32.98,1.847,3.6,0.005743,0.724,1167,560,1609,2726,1208,1763,2789,5413,4428,9027,7982,12756,2479,2696,3591,4637,3436,2876
"M1415.8982T1976.91",1415.8982,32.95,2.473,5.55,0.03444,0.723,194,629,296,9835,878,698,2530,4702,5650,5556,6933,11445,2011,4668,3207,10469,5435,2053
"M985.6742T2704.75",985.6742,45.08,4.956,31.04,0.0008443,0.721,152,805,304,152,152,152,21856,21100,19516,16616,1355,2684,6595,3739,152,152,3864,5751
"M470.4390T1950.42",470.439,32.51,3.045,8.25,0.01922,0.721,2011,2092,2424,87,1366,173,10344,10277,13152,5350,7197,5710,5801,7035,4762,954,3494,2288
"M320.1331T1262.15",320.1331,21.04,0.901,1.87,0.03223,0.715,3498,2361,2579,5763,5706,4608,6597,6228,7917,12025,12362,13107,6045,8411,6941,12481,10890,8485
"M198.8012T441.03",198.8012,7.35,0.734,1.66,0.04406,0.714,1311,2904,3194,1685,2439,987,3507,4934,4558,2797,4742,4632,4409,5460,5524,2612,2958,4323
"M1510.0887T2902.68",1510.0887,48.38,4.276,19.37,0.04645,0.713,78,3119,383,39,477,146,29066,28597,22356,16214,39,5298,8542,5077,6753,4603,1788,2599
"M1519.2698T2821.32",1519.2698,47.02,2.235,4.71,0.00847,0.71,76,523,233,309,206,366,3089,3096,2718,402,997,1051,2451,2753,1074,466,734,238
"M1421.5057T2523.06",1421.5057,42.05,2.092,4.26,0.005536,0.709,6690,7634,7563,3401,7973,1186,25921,33077,31414,17458,23434,31390,29430,32905,2945,12485,12347,18740
"M1501.2976T2821.32",1501.2976,47.02,2.475,5.56,0.00679,0.709,160,940,420,386,143,156,4807,4782,4143,858,1265,721,3669,3532,722,759,431,506
"M666.6792T2662.98",666.6792,44.38,0.665,1.59,0.01814,0.709,66141,78366,83867,68572,63581,53498,159987,236701,167784,121606,115746,83421,170920,155356,156816,160625,80570,75062
"M962.7125T2751.10",962.7125,45.85,2.323,5,1.517e-06,0.706,3338,3006,3460,2263,1944,2394,19605,20830,20153,16154,14810,13499,16903,15604,814,7309,11244,12808
"M863.5623T2717.72",863.5623,45.3,4.244,18.95,0.02395,0.701,1413,3979,2277,367,734,367,42436,94825,95712,96548,367,19955,6706,8616,5426,10281,5750,7598
"M1567.8403T1978.95",1567.8403,32.98,0.743,1.67,0.04361,0.701,1075,975,1197,2751,2121,1620,2429,3365,3518,3351,3641,3451,2510,4298,3350,2051,2964,2855
"M726.5564T1589.09",726.5564,26.48,4.796,27.78,0.0315,0.697,848,196,285,96,485,83,39888,30452,30223,21645,42,11798,60761,42,50787,8860,42855,47912
"M1603.9396T1976.29",1603.9396,32.94,2.265,4.81,0.04415,0.696,80,702,245,3923,935,1098,2560,3381,3516,4243,4690,5264,1434,2721,2456,5340,3094,1407
"M137.0588T1494.72",137.0588,24.91,1.698,3.24,0.04613,0.696,1929,1667,1886,1418,1546,1516,31975,16373,8035,2130,5104,2383,57890,83091,36046,3331,5229,3837
"M1542.0567T2452.54",1542.0567,40.88,1.475,2.78,0.01636,0.695,4695,8534,9248,2739,7089,1739,7423,27145,26092,22135,19521,11800,19448,20445,9064,8338,7723,10384
"M992.7427T2714.82",992.7427,45.25,5.536,46.4,0.0004526,0.691,761,1230,612,113,122,235,27379,27649,25904,18938,16179,14333,18700,17712,57,216,9096,15296
"M667.6803T2662.56",667.6803,44.38,0.651,1.57,0.01645,0.681,34007,36208,42283,31150,34209,26228,78182,114559,79788,59333,56669,42053,84392,78371,77653,78212,36067,36378
"M1288.8185T2827.30",1288.8185,47.12,5.877,58.77,0.003893,0.678,51,7612,1824,294,1419,214,87673,72885,69795,30505,32321,27655,73828,73030,26,30125,8265,16671
"M1190.8220T2612.36",1190.822,43.54,2.475,5.56,0.006857,0.675,574,1876,1228,2976,1793,1442,21503,25780,24809,8192,3112,3979,5371,3198,4664,4909,1766,3961
"M918.5977T2717.95",918.5977,45.3,7.086,135.9,0.002104,0.674,58,1014,29,29,1539,29,34264,42112,33222,11377,11218,10781,10303,14243,29,29,8311,10157
"M1345.3808T2905.39",1345.3808,48.42,4.678,25.6,0.0007565,0.67,94,1185,861,231,692,129,16028,16914,22020,9556,8184,5511,6199,7196,12820,1012,47,1703
"M1452.0323T2885.48",1452.0323,48.09,3.254,9.54,0.04456,0.669,897,24820,11676,186,23689,2543,65865,80216,41507,19658,57496,41064,53291,47979,3905,15227,36884,38473
"M536.6663T1116.82",536.6663,18.61,1.035,2.05,0.0305,0.668,6364,15612,8047,7045,5559,19544,16636,20442,29316,20978,25935,38663,15987,47014,16348,16324,20172,16254
"M1162.7233T2707.91",1162.7233,45.13,4.818,28.2,0.002433,0.666,432,3604,1424,293,3094,188,30661,44112,33611,34303,24441,23195,13747,10726,12733,94,4861,6356
"M1596.1901T1856.90",1596.1901,30.95,7.58,191.36,0.01952,0.664,9,278,18,21,217,73,28474,31668,25517,162895,9,101683,1282,471,1192,8550,210,258
"M1599.9237T1980.62",1599.9237,33.01,1.172,2.25,0.03832,0.664,972,822,1263,4926,1786,883,2993,3660,3674,4614,4962,5169,2470,3235,3067,5111,3426,1922
"M1440.5213T2553.10",1440.5213,42.55,4.94,30.71,0.008428,0.658,994,1181,1795,53,1314,26,19243,13804,7406,21656,18695,18656,21548,22502,13,19605,19886,21505
"M825.5709T2627.41",825.5709,43.79,3.231,9.39,0.02376,0.658,3404,13498,7926,163,6869,2970,101080,90498,83046,34966,5938,24404,15448,12499,14726,13707,12455,12135
"M225.0343T388.08",225.0343,6.47,2.8,6.96,0.04527,0.657,834,1061,299,403,14,1592,4817,4461,2991,2656,2907,2547,872,1027,2257,2414,848,3122
"M353.0736T1263.98",353.0736,21.07,2.342,5.07,0.01418,0.655,270,541,569,4360,848,270,2890,4312,3702,6059,8589,2733,4663,4537,7079,2026,2226,270
"M498.6447T1088.43",498.6447,18.14,1.072,2.1,0.01519,0.649,3197,7598,2919,2571,2891,5931,8451,10232,12507,9691,7341,16283,5855,18250,10232,6275,4651,6375
"M1440.0654T2562.32",1440.0654,42.71,6.58,95.68,0.01742,0.649,149,144,129,73,118,118,52899,63799,65033,37103,37,33681,51554,6909,48614,38786,37,37
"M1172.8245T2937.45",1172.8245,48.96,4.428,21.52,0.001629,0.645,143,1928,830,336,1282,218,17012,18725,17553,12207,12331,11775,14661,12220,400,71,9597,9958
"M1523.0761T2904.36",1523.0761,48.41,4.206,18.46,0.008194,0.644,138,1712,351,85,577,30,12864,13245,9737,7334,315,5848,3197,2421,2816,2751,60,1049
"M1484.8235T1978.46",1484.8235,32.97,1.863,3.64,0.01026,0.644,1721,1400,864,2633,3808,2491,4372,5854,5337,13507,13523,22453,3505,3565,4085,7409,3592,3800
"M273.2560T2725.85",273.256,45.43,7.453,175.25,0.001614,0.641,96,1012,287,3050,48,48,49312,49195,52712,61333,57592,57482,43990,1038,43561,41952,48,48
"M1426.4362T2234.23",1426.4362,37.24,4.734,26.61,5.896e-06,0.636,406,1335,814,987,1403,1049,50724,52680,48031,22088,21826,17041,14669,10688,18887,98,1667,3123
"M688.5606T2725.36",688.5606,45.42,3.131,8.76,0.01736,0.635,1139,1139,1139,1139,1139,1139,5273,24191,29348,50790,1139,21112,5325,2277,27273,26981,1139,1139
"M1287.8152T2823.35",1287.8152,47.06,4.534,23.16,0.006946,0.631,161,350,161,161,161,161,20561,16575,15577,322,5409,2948,15818,15826,161,161,161,1730
"M1407.0109T2864.45",1407.0109,47.74,2.745,6.71,0.01813,0.629,15492,315796,80744,30984,317602,60256,649705,765168,720543,704147,678190,577461,758632,680316,15492,501058,568269,620072
"M742.5959T2731.28",742.5959,45.52,2.25,4.76,5.064e-07,0.623,8582,8541,8403,9294,9040,7904,60121,47028,48702,54546,51075,57219,3572,26159,32379,27647,8404,36682
"M1166.3284T2939.07",1166.3284,48.98,3.818,14.11,0.005505,0.621,615,2979,1255,96,2034,552,16842,18141,16617,11293,13513,11696,14246,13960,48,8908,8787,8860
"M609.4650T2209.00",609.465,36.82,4.634,24.84,0.02284,0.613,45,90,157,2383,45,45,5850,12905,7916,20840,45,6052,1529,45,1607,4126,1913,588
"M944.6984T2722.96",944.6984,45.38,2.457,5.49,9.493e-05,0.611,6635,7943,6478,2797,7199,5595,54482,51806,47663,34126,34457,30955,40068,38793,2797,2797,23546,26354
"M968.6781T2744.21",968.6781,45.74,4.363,20.58,2.987e-06,0.594,1700,1385,1644,763,2599,1229,30342,59239,59949,42851,31263,23049,18459,15138,257,515,11971,12797
"M1345.2676T1981.26",1345.2676,33.02,2.405,5.3,0.0143,0.59,1937,10562,4740,3929,15327,6375,16116,18414,15760,108898,71031,105485,15505,7514,15655,24255,7133,18575
"M1069.5912T2226.86",1069.5912,37.11,2.252,4.76,0.0004732,0.587,7475,6195,12097,10534,17867,15533,81183,84600,82256,47055,62118,53793,77384,53073,109959,28232,5512,4776
"M801.5679T2559.13",801.5679,42.65,6.168,71.89,0.008576,0.585,115,115,115,115,115,115,24860,32481,29911,20062,115,26566,230,115,5876,7183,115,115
"M800.5695T2558.17",800.5695,42.64,5.75,53.81,0.008655,0.583,307,307,307,307,307,307,43476,61739,56117,41894,307,48921,615,307,12535,12540,307,307
"M1448.0282T2448.80",1448.0282,40.81,3.111,8.64,0.02213,0.571,5326,6848,8265,3257,10581,1778,163697,131899,117392,2738,84085,61006,18156,15157,8171,11834,12052,12406
"M242.9250T368.69",242.925,6.14,1.317,2.49,0.0006562,0.564,1034,1389,2058,2220,1880,1441,6859,5651,6299,3457,4945,4724,1321,3666,3279,2758,1357,5257
"M1346.1719T1981.19",1346.1719,33.02,1.778,3.43,0.02972,0.55,2329,2273,3834,454,6257,2688,7026,5063,6106,17226,16628,18811,6543,3110,6217,3098,3866,6843
"M171.1440T372.96",171.144,6.22,1.074,2.1,0.01539,0.547,6608,6311,9473,5356,5213,5754,17550,32833,31131,12719,12631,8882,14832,15191,7295,6426,11316,7533
"M383.1131T518.98",383.1131,8.65,1.322,2.5,0.02418,0.53,1915,2364,1951,872,436,1466,2603,7933,5874,2175,5947,3554,2053,3589,3520,956,2630,2339
"M1239.7325T2672.78",1239.7325,44.55,5.664,50.72,0.01961,0.517,400,47,49,46,23,23,21391,27050,21359,23,3285,1873,452,475,913,50,45,50
"M1383.7595T1856.93",1383.7595,30.95,4.93,30.49,0.03209,0.494,221,316,30,64,184,38,11718,11563,12779,14734,15,9164,863,243,353,272,89,212
"M1068.5889T2229.58",1068.5889,37.16,2.899,7.46,0.007754,0.489,5563,904,8494,10843,11960,11350,51931,67934,66227,85678,49238,51049,37721,27763,51744,15728,1808,2252
"M1097.3644T2253.16",1097.3644,37.55,4.659,25.26,0.04243,0.438,390,1333,269,80,396,623,39737,35227,39989,43198,40,34387,638,234,255,2011,2083,2024
"M1425.3323T1862.85",1425.3323,31.05,3.752,13.47,0.03177,0.429,187,239,506,689,67,134,9452,17692,5137,67,10158,6658,383,716,343,545,249,219
"M504.2425T1858.21",504.2425,30.97,6.189,72.98,0.02009,0.423,295,20,40,89,90,223,26939,26666,29206,20,31206,22634,1363,20,20,20,4283,1030
"M1095.8802T2254.25",1095.8802,37.57,4.762,27.13,0.04322,0.421,260,3661,1257,784,4792,1131,141381,130819,136539,186142,130,153881,4802,806,4837,6659,699,3889
"M1456.0311T2885.69",1456.0311,48.09,4.635,24.86,0.0112,0.414,969,11986,2042,80,9029,1810,69902,83129,65478,49337,43832,41267,26902,20276,40,382,15508,16920
"M783.5039T2744.29",783.5039,45.74,2.652,6.29,0.003219,0.394,5670,4780,4915,795,5151,3806,26791,25057,26826,33746,31415,31105,12390,10892,436,1792,10408,11161
"M961.5614T1853.39",961.5614,30.89,4.686,25.74,0.0269,0.373,1124,89,226,45,257,202,11271,22736,18504,27874,45,12026,45,45,420,510,748,1232
"M1144.2238T2611.32",1144.2238,43.52,5.889,59.27,0.005187,0.372,29,7276,3121,278,1463,274,98008,130112,96413,26500,25698,17744,9519,6957,15,15,6637,7370
"M1177.6598T1922.27",1177.6598,32.04,4.708,26.14,0.001223,0.366,89,1394,339,627,178,488,1135,20370,22228,16466,21346,18758,89,89,12389,14583,89,89
"M845.5590T2216.12",845.559,36.94,5.933,61.11,0.04223,0.358,78,78,78,78,78,78,8210,183941,159533,37276,78,78,78,78,78,78,156,78
"M1287.7773T1910.95",1287.7773,31.85,4.334,20.17,0.02334,0.35,243,73,317,37,210,37,37,5620,5796,11863,4444,7921,37,162,37,3869,37,240
"M1260.7675T1908.35",1260.7675,31.81,3.69,12.91,0.03389,0.308,513,462,225,1369,175,87,87,8748,9708,13374,15817,15246,87,87,729,7202,772,87
